"STATION","NAME","DATE","CDSD","EMNT","EMXT","HDSD","TAVG","TMAX","TMIN"
"USW00094728","NY CITY CENTRAL PARK, NY US","2003-01","0","7","50","2979","27.5","32.9","22.0"
"USW00094728","NY CITY CENTRAL PARK, NY US","2003-02","0","8","50","3957","30.1","35.6","24.6"
"USW00094728","NY CITY CENTRAL PARK, NY US","2003-03","0","11","69","4635","43.1","52.0","34.2"
"USW00094728","NY CITY CENTRAL PARK, NY US","2003-04","11","30","88","5103","49.8","57.8","41.8"
"USW00094728","NY CITY CENTRAL PARK, NY US","2003-05","20","45","79","5307","58.7","66.1","51.3"
"USW00094728","NY CITY CENTRAL PARK, NY US","2003-06","171","50","93","5357","68.4","75.6","61.1"
"USW00094728","NY CITY CENTRAL PARK, NY US","2003-07","504","63","94","0","75.7","83.0","68.5"
"USW00094728","NY CITY CENTRAL PARK, NY US","2003-08","866","61","91","0","76.7","83.3","70.1"
"USW00094728","NY CITY CENTRAL PARK, NY US","2003-09","973","50","80","19","67.9","73.8","62.1"
"USW00094728","NY CITY CENTRAL PARK, NY US","2003-10","976","36","77","328","55.1","61.8","48.4"
"USW00094728","NY CITY CENTRAL PARK, NY US","2003-11","982","29","79","783","50.0","56.2","43.8"
"USW00094728","NY CITY CENTRAL PARK, NY US","2003-12","982","21","58","1633","37.6","43.5","31.7"
"USW00094728","NY CITY CENTRAL PARK, NY US","2004-01","0","1","58","2882","24.7","31.0","18.4"
"USW00094728","NY CITY CENTRAL PARK, NY US","2004-02","0","15","59","3751","35.0","41.7","28.4"
"USW00094728","NY CITY CENTRAL PARK, NY US","2004-03","0","24","70","4417","43.5","50.3","36.7"
"USW00094728","NY CITY CENTRAL PARK, NY US","2004-04","4","29","85","4764","53.6","62.7","44.4"
"USW00094728","NY CITY CENTRAL PARK, NY US","2004-05","90","42","87","4843","65.2","74.3","56.1"
"USW00094728","NY CITY CENTRAL PARK, NY US","2004-06","289","56","91","4856","71.2","78.8","63.7"
"USW00094728","NY CITY CENTRAL PARK, NY US","2004-07","584","63","87","0","74.5","80.9","68.1"
"USW00094728","NY CITY CENTRAL PARK, NY US","2004-08","871","58","90","0","74.2","80.7","67.8"
"USW00094728","NY CITY CENTRAL PARK, NY US","2004-09","1018","52","87","18","69.3","76.1","62.6"
"USW00094728","NY CITY CENTRAL PARK, NY US","2004-10","1019","44","75","299","56.0","61.8","50.1"
"USW00094728","NY CITY CENTRAL PARK, NY US","2004-11","1019","29","68","804","48.2","54.8","41.5"
"USW00094728","NY CITY CENTRAL PARK, NY US","2004-12","1019","11","59","1630","38.4","44.3","32.4"
"USW00094728","NY CITY CENTRAL PARK, NY US","2005-01","0","5","66","2674","31.3","37.4","25.2"
"USW00094728","NY CITY CENTRAL PARK, NY US","2005-02","0","16","56","3472","36.5","42.6","30.5"
"USW00094728","NY CITY CENTRAL PARK, NY US","2005-03","0","16","63","4264","39.5","46.4","32.5"
"USW00094728","NY CITY CENTRAL PARK, NY US","2005-04","11","37","87","4571","55.1","64.6","45.7"
"USW00094728","NY CITY CENTRAL PARK, NY US","2005-05","23","41","79","4771","58.9","67.3","50.5"
"USW00094728","NY CITY CENTRAL PARK, NY US","2005-06","303","54","93","4781","74.0","82.2","65.8"
"USW00094728","NY CITY CENTRAL PARK, NY US","2005-07","693","62","97","1","77.5","84.9","70.2"
"USW00094728","NY CITY CENTRAL PARK, NY US","2005-08","1147","65","99","1","79.7","87.1","72.2"
"USW00094728","NY CITY CENTRAL PARK, NY US","2005-09","1404","50","92","8","73.3","81.6","65.0"
"USW00094728","NY CITY CENTRAL PARK, NY US","2005-10","1437","39","80","261","57.9","63.8","52.0"
"USW00094728","NY CITY CENTRAL PARK, NY US","2005-11","1437","22","72","723","49.6","56.8","42.5"
"USW00094728","NY CITY CENTRAL PARK, NY US","2005-12","1437","14","55","1645","35.3","40.4","30.1"
"USC00285503","MIDLAND PARK, NJ US","2003-01",,,,,,,
"USC00285503","MIDLAND PARK, NJ US","2003-02",,,,,,,
"USC00285503","MIDLAND PARK, NJ US","2003-03",,,,,,,
"USC00285503","MIDLAND PARK, NJ US","2003-04",,,,,,,
"USC00285503","MIDLAND PARK, NJ US","2003-05",,,,,,,
"USC00285503","MIDLAND PARK, NJ US","2003-06",,,,,,,
"USC00285503","MIDLAND PARK, NJ US","2003-09",,,,,,,
"USC00285503","MIDLAND PARK, NJ US","2003-10",,,,,,,
"USC00285503","MIDLAND PARK, NJ US","2003-11",,,,,,,
"USC00285503","MIDLAND PARK, NJ US","2003-12",,,,,,,
"USC00285503","MIDLAND PARK, NJ US","2004-01",,,,,,,
"USC00285503","MIDLAND PARK, NJ US","2004-02",,,,,,,
"USC00285503","MIDLAND PARK, NJ US","2004-03",,,,,,,
"USC00285503","MIDLAND PARK, NJ US","2004-04",,,,,,,
"USC00285503","MIDLAND PARK, NJ US","2004-05",,,,,,,
"USC00285503","MIDLAND PARK, NJ US","2004-06",,,,,,,
"USC00285503","MIDLAND PARK, NJ US","2004-07",,,,,,,
"USC00285503","MIDLAND PARK, NJ US","2004-08",,,,,,,
"USC00285503","MIDLAND PARK, NJ US","2004-09",,,,,,,
"USC00285503","MIDLAND PARK, NJ US","2004-10",,,,,,,
"USC00285503","MIDLAND PARK, NJ US","2004-11",,,,,,,
"USC00285503","MIDLAND PARK, NJ US","2005-01",,,,,,,
"USC00285503","MIDLAND PARK, NJ US","2005-02",,,,,,,
"USC00285503","MIDLAND PARK, NJ US","2005-04",,,,,,,
"USC00285503","MIDLAND PARK, NJ US","2005-05",,,,,,,
"USC00285503","MIDLAND PARK, NJ US","2005-06",,,,,,,
"USC00285503","MIDLAND PARK, NJ US","2005-07",,,,,,,
"USC00285503","MIDLAND PARK, NJ US","2005-08",,,,,,,
"USC00285503","MIDLAND PARK, NJ US","2005-09",,,,,,,
"USC00285503","MIDLAND PARK, NJ US","2005-10",,,,,,,
"USC00285503","MIDLAND PARK, NJ US","2005-11",,,,,,,
"USC00285503","MIDLAND PARK, NJ US","2005-12",,,,,,,
"USC00302129","DOBBS FERRY ARDSLEY, NY US","2003-01","0","2","49",,"25.7","32.7","18.7"
"USC00302129","DOBBS FERRY ARDSLEY, NY US","2003-02","0","4","53",,"27.9","35.9","19.8"
"USC00302129","DOBBS FERRY ARDSLEY, NY US","2003-03","0","2","73",,"40.7","52.7","28.6"
"USC00302129","DOBBS FERRY ARDSLEY, NY US","2003-04","7","28","88",,"48.6","58.9","38.2"
"USC00302129","DOBBS FERRY ARDSLEY, NY US","2003-05","9","35","82",,"57.6","67.7","47.4"
"USC00302129","DOBBS FERRY ARDSLEY, NY US","2003-06","122","45","94",,"67.0","76.8","57.1"
"USC00302129","DOBBS FERRY ARDSLEY, NY US","2003-11",,"22","81",,"47.4","56.4","38.3"
"USC00302129","DOBBS FERRY ARDSLEY, NY US","2003-12",,"15","58",,"36.0","44.4","27.5"
"USC00302129","DOBBS FERRY ARDSLEY, NY US","2004-01","0","-1","53",,"24.3","31.6","17.0"
"USC00302129","DOBBS FERRY ARDSLEY, NY US","2004-02","0","6","57",,"32.5","42.3","22.7"
"USC00302129","DOBBS FERRY ARDSLEY, NY US","2004-03","0","16","72",,"42.6","51.6","33.7"
"USC00302129","DOBBS FERRY ARDSLEY, NY US","2004-04","4","28","86",,"52.6","63.6","41.6"
"USC00302129","DOBBS FERRY ARDSLEY, NY US","2004-05","78","35","90",,"64.4","76.0","52.7"
"USC00302129","DOBBS FERRY ARDSLEY, NY US","2004-06","226","45","94",,"69.0","79.7","58.3"
"USC00302129","DOBBS FERRY ARDSLEY, NY US","2004-07","448","54","89","0","72.9","82.7","63.2"
"USC00302129","DOBBS FERRY ARDSLEY, NY US","2004-08","688","52","92","2","72.7","82.1","63.2"
"USC00302129","DOBBS FERRY ARDSLEY, NY US","2004-09","781","42","87","33","67.1","77.1","57.0"
"USC00302129","DOBBS FERRY ARDSLEY, NY US","2004-10","781","35","77","379","53.8","62.9","44.8"
"USC00302129","DOBBS FERRY ARDSLEY, NY US","2004-11","781","21","70","967","45.4","54.6","36.2"
"USC00302129","DOBBS FERRY ARDSLEY, NY US","2004-12","781","8","60","1865","36.0","44.7","27.4"
"USC00302129","DOBBS FERRY ARDSLEY, NY US","2005-01","0","-3","60","2997","28.5","36.0","21.0"
"USC00302129","DOBBS FERRY ARDSLEY, NY US","2005-02","0","8","56","3872","33.7","42.8","24.7"
"USC00302129","DOBBS FERRY ARDSLEY, NY US","2005-03","0","14","63","4761","36.3","45.6","27.0"
"USC00302129","DOBBS FERRY ARDSLEY, NY US","2005-04","2","29","87","5136","52.6","65.1","40.1"
"USC00302129","DOBBS FERRY ARDSLEY, NY US","2005-05","4","34","80","5402","56.5","68.0","45.0"
"USC00302129","DOBBS FERRY ARDSLEY, NY US","2005-06","244","50","95","5413","72.6","83.8","61.5"
"USC00302129","DOBBS FERRY ARDSLEY, NY US","2005-08",,"55","99",,"76.9","87.0","66.9"
"USC00302129","DOBBS FERRY ARDSLEY, NY US","2005-09",,"41","94",,"70.0","82.1","58.0"
"USC00302129","DOBBS FERRY ARDSLEY, NY US","2005-10",,"33","81",,"56.1","64.7","47.5"
"USC00302129","DOBBS FERRY ARDSLEY, NY US","2005-11",,"19","76",,"47.1","57.8","36.4"
"USC00302129","DOBBS FERRY ARDSLEY, NY US","2005-12",,"5","52",,"32.3","39.8","24.8"
"USC00287865","SANDY HOOK, NJ US","2004-06",,"53","92",,"70.2","79.3","61.1"
"USC00287865","SANDY HOOK, NJ US","2004-07",,"61","89","0","73.8","80.1","67.5"
"USC00287865","SANDY HOOK, NJ US","2004-08",,,,,,,
"USC00287865","SANDY HOOK, NJ US","2004-09",,,,,,,
"USC00287865","SANDY HOOK, NJ US","2004-11",,,,,,,
"USC00287865","SANDY HOOK, NJ US","2005-01",,,,,,,
"USC00287865","SANDY HOOK, NJ US","2005-02",,,,,,,
"USC00287865","SANDY HOOK, NJ US","2005-03",,,,,,,
"USC00287865","SANDY HOOK, NJ US","2005-04",,,,,,,
"USC00287865","SANDY HOOK, NJ US","2005-05",,"39","79",,"57.1","65.1","49.1"
"USC00287865","SANDY HOOK, NJ US","2005-08",,"64","97",,"78.7","86.2","71.2"
"USC00287865","SANDY HOOK, NJ US","2005-09",,"54","89",,"73.1","81.6","64.7"
"USC00287865","SANDY HOOK, NJ US","2005-10",,,,,,,
"USC00287865","SANDY HOOK, NJ US","2005-11",,,,,,,
"USW00014734","NEWARK LIBERTY INTERNATIONAL AIRPORT, NJ US","2003-01","0","6","52","3018","27.5","33.8","21.2"
"USW00014734","NEWARK LIBERTY INTERNATIONAL AIRPORT, NJ US","2003-02","0","8","50","4015","29.4","35.7","23.1"
"USW00014734","NEWARK LIBERTY INTERNATIONAL AIRPORT, NJ US","2003-03","0","11","75","4694","43.1","52.7","33.5"
"USW00014734","NEWARK LIBERTY INTERNATIONAL AIRPORT, NJ US","2003-04","8","29","88","5157","49.8","58.1","41.6"
"USW00014734","NEWARK LIBERTY INTERNATIONAL AIRPORT, NJ US","2003-05","14","43","81","5351","58.9","66.8","51.1"
"USW00014734","NEWARK LIBERTY INTERNATIONAL AIRPORT, NJ US","2003-06","180","49","95","5390","69.2","77.1","61.4"
"USW00014734","NEWARK LIBERTY INTERNATIONAL AIRPORT, NJ US","2003-07","560","65","95","0","77.3","85.7","68.8"
"USW00014734","NEWARK LIBERTY INTERNATIONAL AIRPORT, NJ US","2003-08","950","60","93","0","77.6","85.2","69.9"
"USW00014734","NEWARK LIBERTY INTERNATIONAL AIRPORT, NJ US","2003-09","1073","49","82","15","68.6","75.4","61.8"
"USW00014734","NEWARK LIBERTY INTERNATIONAL AIRPORT, NJ US","2003-10","1077","34","78","328","55.0","63.7","46.4"
"USW00014734","NEWARK LIBERTY INTERNATIONAL AIRPORT, NJ US","2003-11","1080","29","81","792","49.7","56.9","42.4"
"USW00014734","NEWARK LIBERTY INTERNATIONAL AIRPORT, NJ US","2003-12","1080","20","59","1673","36.6","43.6","29.6"
"USW00014734","NEWARK LIBERTY INTERNATIONAL AIRPORT, NJ US","2004-01","0","0","54","2937","24.2","30.8","17.7"
"USW00014734","NEWARK LIBERTY INTERNATIONAL AIRPORT, NJ US","2004-02","0","13","62","3816","34.7","43.0","26.4"
"USW00014734","NEWARK LIBERTY INTERNATIONAL AIRPORT, NJ US","2004-03","0","23","72","4475","43.7","51.3","36.2"
"USW00014734","NEWARK LIBERTY INTERNATIONAL AIRPORT, NJ US","2004-04","6","30","88","4811","54.0","63.5","44.5"
"USW00014734","NEWARK LIBERTY INTERNATIONAL AIRPORT, NJ US","2004-05","116","42","92","4880","66.3","76.0","56.6"
"USW00014734","NEWARK LIBERTY INTERNATIONAL AIRPORT, NJ US","2004-06","341","54","97","4890","72.2","81.6","62.7"
"USW00014734","NEWARK LIBERTY INTERNATIONAL AIRPORT, NJ US","2004-07","650","63","91","0","75.0","82.7","67.3"
"USW00014734","NEWARK LIBERTY INTERNATIONAL AIRPORT, NJ US","2004-08","946","55","92","0","74.5","82.0","67.1"
"USW00014734","NEWARK LIBERTY INTERNATIONAL AIRPORT, NJ US","2004-09","1098","48","87","15","69.6","77.6","61.5"
"USW00014734","NEWARK LIBERTY INTERNATIONAL AIRPORT, NJ US","2004-10","1098","39","76","307","55.6","63.2","48.0"
"USW00014734","NEWARK LIBERTY INTERNATIONAL AIRPORT, NJ US","2004-11","1098","27","69","833","47.5","55.6","39.3"
"USW00014734","NEWARK LIBERTY INTERNATIONAL AIRPORT, NJ US","2004-12","1098","10","61","1716","36.5","43.8","29.2"
"USW00014734","NEWARK LIBERTY INTERNATIONAL AIRPORT, NJ US","2005-01","0","3","67","2801","30.0","36.7","23.3"
"USW00014734","NEWARK LIBERTY INTERNATIONAL AIRPORT, NJ US","2005-02","0","16","57","3626","35.5","43.2","27.9"
"USW00014734","NEWARK LIBERTY INTERNATIONAL AIRPORT, NJ US","2005-03","0","15","67","4447","38.5","46.4","30.6"
"USW00014734","NEWARK LIBERTY INTERNATIONAL AIRPORT, NJ US","2005-04","9","35","88","4776","54.4","64.1","44.6"
"USW00014734","NEWARK LIBERTY INTERNATIONAL AIRPORT, NJ US","2005-05","28","39","84","4977","59.1","68.4","49.8"
"USW00014734","NEWARK LIBERTY INTERNATIONAL AIRPORT, NJ US","2005-06","330","54","97","4991","74.6","84.1","65.2"
"USW00014734","NEWARK LIBERTY INTERNATIONAL AIRPORT, NJ US","2005-07","742","61","101","0","78.3","86.2","70.3"
"USW00014734","NEWARK LIBERTY INTERNATIONAL AIRPORT, NJ US","2005-08","1219","64","102","0","80.4","88.5","72.2"
"USW00014734","NEWARK LIBERTY INTERNATIONAL AIRPORT, NJ US","2005-09","1483","48","94","10","73.5","83.3","63.6"
"USW00014734","NEWARK LIBERTY INTERNATIONAL AIRPORT, NJ US","2005-10","1508","38","81","260","57.8","64.8","50.7"
"USW00014734","NEWARK LIBERTY INTERNATIONAL AIRPORT, NJ US","2005-11","1508","21","74","748","48.7","57.9","39.5"
"USW00014734","NEWARK LIBERTY INTERNATIONAL AIRPORT, NJ US","2005-12","1508","11","56","1716","33.8","40.2","27.4"
"USW00094741","TETERBORO AIRPORT, NJ US","2003-01","0","6","50","3091","26.9","33.3","20.5"
"USW00094741","TETERBORO AIRPORT, NJ US","2003-02","0","5","49","4133","27.8","35.2","20.4"
"USW00094741","TETERBORO AIRPORT, NJ US","2003-03","0","10","71","4852","41.8","52.1","31.5"
"USW00094741","TETERBORO AIRPORT, NJ US","2003-04","4","27","87","5340","48.9","58.0","39.7"
"USW00094741","TETERBORO AIRPORT, NJ US","2003-05","6","37","81","5557","58.1","67.2","48.9"
"USW00094741","TETERBORO AIRPORT, NJ US","2003-06","155","50","95","5600","68.5","77.3","59.8"
"USW00094741","TETERBORO AIRPORT, NJ US","2003-07","499","59","93","0","76.1","85.8","66.3"
"USW00094741","TETERBORO AIRPORT, NJ US","2003-08","864","57","91","0","76.8","85.5","68.1"
"USW00094741","TETERBORO AIRPORT, NJ US","2003-09","960","45","83","24","67.4","75.2","59.6"
"USW00094741","TETERBORO AIRPORT, NJ US","2003-10","960","32","79","376","53.7","63.7","43.6"
"USW00094741","TETERBORO AIRPORT, NJ US","2003-11","962","23","82","866","48.8","57.4","40.1"
"USW00094741","TETERBORO AIRPORT, NJ US","2003-12","962","20","60","1763","36.0","43.8","28.3"
"USW00094741","TETERBORO AIRPORT, NJ US","2004-01","0","0","53","3047","23.6","30.3","16.8"
"USW00094741","TETERBORO AIRPORT, NJ US","2004-02","0","11","58","3971","33.1","41.6","24.7"
"USW00094741","TETERBORO AIRPORT, NJ US","2004-03","0","19","71","4661","42.7","50.8","34.6"
"USW00094741","TETERBORO AIRPORT, NJ US","2004-04","4","29","88","5024","53.0","62.8","43.2"
"USW00094741","TETERBORO AIRPORT, NJ US","2004-05","102","40","94","5112","65.4","76.0","54.8"
"USW00094741","TETERBORO AIRPORT, NJ US","2004-06","289","52","94","5126","70.8","80.9","60.6"
"USW00094741","TETERBORO AIRPORT, NJ US","2004-07","577","60","93","0","74.3","82.9","65.6"
"USW00094741","TETERBORO AIRPORT, NJ US","2004-08","847","54","92","2","73.7","82.2","65.2"
"USW00094741","TETERBORO AIRPORT, NJ US","2004-09","1008","49","88","14","69.9","78.7","61.1"
"USW00094741","TETERBORO AIRPORT, NJ US","2004-10","1012","41","81","268","56.9","65.2","48.6"
"USW00094741","TETERBORO AIRPORT, NJ US","2004-11","1012","28","71","741","49.2","58.3","40.2"
"USW00094741","TETERBORO AIRPORT, NJ US","2004-12","1012","12","62","1563","38.5","46.1","30.8"
"USW00094741","TETERBORO AIRPORT, NJ US","2005-01","0","5","68","2612","31.2","38.2","24.2"
"USW00094741","TETERBORO AIRPORT, NJ US","2005-02","0","16","60","3383","35.4","43.5","27.4"
"USW00094741","TETERBORO AIRPORT, NJ US","2005-03","0","15","63","4242","37.3","45.6","29.0"
"USW00094741","TETERBORO AIRPORT, NJ US","2005-04","6","33","88","4569","54.3","65.7","42.9"
"USW00094741","TETERBORO AIRPORT, NJ US","2005-05","19","38","82","4779","58.6","68.9","48.4"
"USW00094741","TETERBORO AIRPORT, NJ US","2005-06","323","54","94","4786","74.9","85.0","64.8"
"USW00094741","TETERBORO AIRPORT, NJ US","2005-07","737","61","103","0","78.3","87.3","69.3"
"USW00094741","TETERBORO AIRPORT, NJ US","2005-08","1183","51","102","0","79.4","88.4","70.4"
"USW00094741","TETERBORO AIRPORT, NJ US","2005-09","1423","45","95","11","72.6","83.7","61.5"
"USW00094741","TETERBORO AIRPORT, NJ US","2005-10","1450","36","83","277","57.3","65.0","49.5"
"USW00094741","TETERBORO AIRPORT, NJ US","2005-11","1450","22","74","785","48.1","58.3","37.8"
"USW00094741","TETERBORO AIRPORT, NJ US","2005-12","1450","11","54","1775","33.1","39.9","26.3"
"USW00014732","LAGUARDIA AIRPORT, NY US","2003-01","0","8","50","2891","28.0","33.1","22.9"
"USW00014732","LAGUARDIA AIRPORT, NY US","2003-02","0","9","49","3865","30.2","35.7","24.7"
"USW00014732","LAGUARDIA AIRPORT, NY US","2003-03","0","13","69","4565","42.4","51.2","33.6"
"USW00014732","LAGUARDIA AIRPORT, NY US","2003-04","7","30","87","5046","49.2","56.7","41.6"
"USW00014732","LAGUARDIA AIRPORT, NY US","2003-05","15","45","79","5253","58.6","65.6","51.6"
"USW00014732","LAGUARDIA AIRPORT, NY US","2003-06","179","51","97","5293","69.1","76.7","61.6"
"USW00014732","LAGUARDIA AIRPORT, NY US","2003-07","563","64","94","0","77.4","84.7","70.1"
"USW00014732","LAGUARDIA AIRPORT, NY US","2003-08","973","61","93","0","78.2","84.8","71.7"
"USW00014732","LAGUARDIA AIRPORT, NY US","2003-09","1121","52","83","11","69.5","75.3","63.8"
"USW00014732","LAGUARDIA AIRPORT, NY US","2003-10","1125","38","78","279","56.5","63.0","50.0"
"USW00014732","LAGUARDIA AIRPORT, NY US","2003-11","1132","32","80","702","51.1","57.1","45.2"
"USW00014732","LAGUARDIA AIRPORT, NY US","2003-12","1132","22","60","1518","38.7","44.5","32.8"
"USW00014732","LAGUARDIA AIRPORT, NY US","2004-01","0","2","57","2738","25.6","31.8","19.4"
"USW00014732","LAGUARDIA AIRPORT, NY US","2004-02","0","16","59","3599","35.3","41.7","28.9"
"USW00014732","LAGUARDIA AIRPORT, NY US","2004-03","0","26","69","4275","43.2","49.8","36.5"
"USW00014732","LAGUARDIA AIRPORT, NY US","2004-04","0","31","80","4632","53.1","61.3","44.9"
"USW00014732","LAGUARDIA AIRPORT, NY US","2004-05","73","44","89","4718","64.6","73.5","55.7"
"USW00014732","LAGUARDIA AIRPORT, NY US","2004-06","309","56","94","4730","72.4","80.0","64.9"
"USW00014732","LAGUARDIA AIRPORT, NY US","2004-07","648","64","91","0","75.9","82.3","69.5"
"USW00014732","LAGUARDIA AIRPORT, NY US","2004-08","969","61","90","0","75.4","81.3","69.4"
"USW00014732","LAGUARDIA AIRPORT, NY US","2004-09","1150","52","86","11","70.6","76.8","64.5"
"USW00014732","LAGUARDIA AIRPORT, NY US","2004-10","1157","44","76","247","57.6","63.2","52.1"
"USW00014732","LAGUARDIA AIRPORT, NY US","2004-11","1157","31","69","725","49.1","55.4","42.8"
"USW00014732","LAGUARDIA AIRPORT, NY US","2004-12","1157","11","61","1557","38.2","44.2","32.1"
"USW00014732","LAGUARDIA AIRPORT, NY US","2005-01","0","5","61","2619","30.7","36.5","24.9"
"USW00014732","LAGUARDIA AIRPORT, NY US","2005-02","0","17","55","3438","35.7","41.5","30.0"
"USW00014732","LAGUARDIA AIRPORT, NY US","2005-03","0","16","62","4254","38.7","44.8","32.5"
"USW00014732","LAGUARDIA AIRPORT, NY US","2005-04","5","38","85","4581","54.3","63.1","45.4"
"USW00014732","LAGUARDIA AIRPORT, NY US","2005-05","22","44","79","4790","58.8","66.1","51.5"
"USW00014732","LAGUARDIA AIRPORT, NY US","2005-06","318","53","93","4800","74.5","82.7","66.3"
"USW00014732","LAGUARDIA AIRPORT, NY US","2005-07","738","62","100","0","78.5","85.7","71.4"
"USW00014732","LAGUARDIA AIRPORT, NY US","2005-08","1231","67","100","0","80.9","87.6","74.2"
"USW00014732","LAGUARDIA AIRPORT, NY US","2005-09","1533","53","92","6","74.9","82.0","67.7"
"USW00014732","LAGUARDIA AIRPORT, NY US","2005-10","1573","41","80","208","59.8","65.3","54.3"
"USW00014732","LAGUARDIA AIRPORT, NY US","2005-11","1573","23","74","626","51.1","58.0","44.2"
"USW00014732","LAGUARDIA AIRPORT, NY US","2005-12","1573","15","57","1511","36.4","41.5","31.4"
"USC00300961","BRONX, NY US","2003-01","0","7","52","2949","27.8","33.4","22.3"
"USC00300961","BRONX, NY US","2003-02","0","8","50","3931","29.9","35.6","24.2"
"USC00300961","BRONX, NY US","2003-03","0","12","70","4615","42.9","52.2","33.6"
"USC00300961","BRONX, NY US","2003-04","9","30","88","5093","49.4","57.2","41.5"
"USC00300961","BRONX, NY US","2003-05","19","45","80","5292","58.9","66.2","51.5"
"USC00300961","BRONX, NY US","2003-06","182","51","95","5335","69.0","76.5","61.4"
"USC00300961","BRONX, NY US","2003-07","544","64","93","0","76.7","83.8","69.6"
"USC00300961","BRONX, NY US","2003-08","937","60","93","0","77.7","84.7","70.6"
"USC00300961","BRONX, NY US","2003-09","1054","50","83","15","68.4","74.6","62.2"
"USC00300961","BRONX, NY US","2003-10","1057","37","78","313","55.5","62.9","48.1"
"USC00300961","BRONX, NY US","2003-11","1061","30","80","761","50.2","56.7","43.7"
"USC00300961","BRONX, NY US","2003-12","1061","20","58","1602","37.8","43.9","31.9"
"USC00300961","BRONX, NY US","2004-01","0","1","56","2848","24.8","31.2","18.5"
"USC00300961","BRONX, NY US","2004-02","0","15","60","3711","35.2","42.3","28.2"
"USC00300961","BRONX, NY US","2004-03","0","24","70","4389","43.2","50.0","36.3"
"USC00300961","BRONX, NY US","2004-04","2","30","81","4751","53.0","62.0","43.9"
"USC00300961","BRONX, NY US","2004-05","85","43","89","4831","65.1","74.4","55.8"
"USC00300961","BRONX, NY US","2004-06","304","55","95","4844","71.9","79.7","64.0"
"USC00300961","BRONX, NY US","2004-07","618","63","90","0","75.1","82.0","68.3"
"USC00300961","BRONX, NY US","2004-08","928","59","91","0","75.0","81.8","68.2"
"USC00300961","BRONX, NY US","2004-09","1094","51","87","15","70.1","77.4","62.7"
"USC00300961","BRONX, NY US","2004-10","1100","42","79","269","57.0","63.5","50.4"
"USC00300961","BRONX, NY US","2004-11","1100","30","70","768","48.4","55.3","41.4"
"USC00300961","BRONX, NY US","2004-12","1100","10","59","1625","37.3","43.5","31.2"
"USC00300961","BRONX, NY US","2005-01","0","4","59","2707","30.1","36.0","24.2"
"USC00300961","BRONX, NY US","2005-02","0","16","55","3534","35.5","41.6","29.3"
"USC00300961","BRONX, NY US","2005-03","0","15","61","4365","38.2","44.8","31.6"
"USC00300961","BRONX, NY US","2005-04","7","37","88","4683","54.7","64.2","45.1"
"USC00300961","BRONX, NY US","2005-05","29","40","82","4876","59.4","68.1","50.8"
"USC00300961","BRONX, NY US","2005-06","332","55","94","4882","74.9","83.3","66.5"
"USC00300961","BRONX, NY US","2005-07","754","62","99","1","78.6","86.0","71.2"
"USC00300961","BRONX, NY US","2005-08","1228","64","102","1","80.3","87.8","72.7"
"USC00300961","BRONX, NY US","2005-09","1505","50","94","6","74.1","83.2","64.9"
"USC00300961","BRONX, NY US","2005-10","1542","39","82","246","58.5","65.3","51.6"
"USC00300961","BRONX, NY US","2005-11","1542","22","75","695","50.0","58.0","42.0"
"USC00300961","BRONX, NY US","2005-12","1542","12","54","1632","34.8","40.4","29.2"
"USC00066655","PUTNAM LAKE, CT US","2003-01",,,,,,,
"USC00066655","PUTNAM LAKE, CT US","2003-02",,,,,,,
"USC00066655","PUTNAM LAKE, CT US","2003-03",,,,,,,
"USC00066655","PUTNAM LAKE, CT US","2003-04",,,,,,,
"USC00066655","PUTNAM LAKE, CT US","2003-05",,,,,,,
"USC00066655","PUTNAM LAKE, CT US","2003-07",,,,,,,
"USC00066655","PUTNAM LAKE, CT US","2003-08",,,,,,,
"USC00066655","PUTNAM LAKE, CT US","2003-09",,,,,,,
"USC00066655","PUTNAM LAKE, CT US","2003-10",,,,,,,
"USC00066655","PUTNAM LAKE, CT US","2003-12",,,,,,,
"USC00066655","PUTNAM LAKE, CT US","2004-02",,,,,,,
"USC00066655","PUTNAM LAKE, CT US","2004-03",,,,,,,
"USC00066655","PUTNAM LAKE, CT US","2004-04",,,,,,,
"USC00066655","PUTNAM LAKE, CT US","2004-07",,,,,,,
"USC00066655","PUTNAM LAKE, CT US","2004-08",,,,,,,
"USC00066655","PUTNAM LAKE, CT US","2004-09",,,,,,,
"USC00066655","PUTNAM LAKE, CT US","2004-10",,,,,,,
"USC00066655","PUTNAM LAKE, CT US","2004-11",,,,,,,
"USC00066655","PUTNAM LAKE, CT US","2004-12",,,,,,,
"USC00066655","PUTNAM LAKE, CT US","2005-04",,,,,,,
"USC00066655","PUTNAM LAKE, CT US","2005-06",,,,,,,
"USC00066655","PUTNAM LAKE, CT US","2005-07",,,,,,,
"USC00066655","PUTNAM LAKE, CT US","2005-08",,,,,,,
"USC00066655","PUTNAM LAKE, CT US","2005-09",,,,,,,
"USC00066655","PUTNAM LAKE, CT US","2005-10",,,,,,,
"USC00066655","PUTNAM LAKE, CT US","2005-11",,,,,,,
"USC00066655","PUTNAM LAKE, CT US","2005-12",,,,,,,
"USW00094745","WESTCHESTER CO AIRPORT, NY US","2003-01","0","1","45","3471","24.0","30.2","17.7"
"USW00094745","WESTCHESTER CO AIRPORT, NY US","2003-02","0","4","49","4571","25.7","32.6","18.8"
"USW00094745","WESTCHESTER CO AIRPORT, NY US","2003-03","0","0","68","5388","38.7","48.9","28.5"
"USW00094745","WESTCHESTER CO AIRPORT, NY US","2003-04","0","27","86","5956","46.1","54.5","37.6"
"USW00094745","WESTCHESTER CO AIRPORT, NY US","2003-05","2","38","79","6249","55.6","63.9","47.3"
"USW00094745","WESTCHESTER CO AIRPORT, NY US","2003-06","101","48","91","6333","65.5","73.6","57.4"
"USW00094745","WESTCHESTER CO AIRPORT, NY US","2003-07","336","58","89","1","72.6","81.2","63.9"
"USW00094745","WESTCHESTER CO AIRPORT, NY US","2003-08","602","53","89","3","73.5","81.2","65.7"
"USW00094745","WESTCHESTER CO AIRPORT, NY US","2003-09","649","46","80","59","64.7","71.7","57.7"
"USW00094745","WESTCHESTER CO AIRPORT, NY US","2003-10","649","30","77","485","51.3","59.9","42.6"
"USW00094745","WESTCHESTER CO AIRPORT, NY US","2003-11","649","25","78","1047","46.3","54.1","38.5"
"USW00094745","WESTCHESTER CO AIRPORT, NY US","2003-12","649","14","57","2000","34.2","41.2","27.4"
"USW00094745","WESTCHESTER CO AIRPORT, NY US","2004-01","0","-3","52","3359","21.2","27.6","14.7"
"USW00094745","WESTCHESTER CO AIRPORT, NY US","2004-02","0","7","55","4347","30.9","39.1","22.7"
"USW00094745","WESTCHESTER CO AIRPORT, NY US","2004-03","0","16","69","5136","39.5","47.0","32.1"
"USW00094745","WESTCHESTER CO AIRPORT, NY US","2004-04","0","27","81","5591","49.9","59.2","40.5"
"USW00094745","WESTCHESTER CO AIRPORT, NY US","2004-05","34","38","85","5741","61.2","71.1","51.4"
"USW00094745","WESTCHESTER CO AIRPORT, NY US","2004-06","140","50","90","5781","67.2","76.1","58.2"
"USW00094745","WESTCHESTER CO AIRPORT, NY US","2004-07","335","58","86","0","71.3","78.8","63.7"
"USW00094745","WESTCHESTER CO AIRPORT, NY US","2004-08","516","54","88","6","70.6","78.7","62.6"
"USW00094745","WESTCHESTER CO AIRPORT, NY US","2004-09","582","32","84","57","65.5","74.0","57.1"
"USW00094745","WESTCHESTER CO AIRPORT, NY US","2004-10","582","38","73","418","53.3","60.7","45.9"
"USW00094745","WESTCHESTER CO AIRPORT, NY US","2004-11","582","23","67","1031","44.6","53.0","36.1"
"USW00094745","WESTCHESTER CO AIRPORT, NY US","2004-12","582","7","59","1989","34.1","41.6","26.7"
"USW00094745","WESTCHESTER CO AIRPORT, NY US","2005-01","0","-2","57","3186","26.4","33.2","19.5"
"USW00094745","WESTCHESTER CO AIRPORT, NY US","2005-02","0","10","53","4109","32.1","39.8","24.3"
"USW00094745","WESTCHESTER CO AIRPORT, NY US","2005-03","0","13","61","5057","34.4","42.1","26.7"
"USW00094745","WESTCHESTER CO AIRPORT, NY US","2005-04","2","32","84","5494","50.5","61.2","39.8"
"USW00094745","WESTCHESTER CO AIRPORT, NY US","2005-05","2","35","76","5810","54.8","64.2","45.4"
"USW00094745","WESTCHESTER CO AIRPORT, NY US","2005-06","187","51","90","5829","70.9","80.3","61.5"
"USW00094745","WESTCHESTER CO AIRPORT, NY US","2005-07","464","57","94","3","73.8","82.3","65.3"
"USW00094745","WESTCHESTER CO AIRPORT, NY US","2005-08","774","57","94","3","75.0","83.4","66.6"
"USW00094745","WESTCHESTER CO AIRPORT, NY US","2005-09","911","45","90","38","68.4","78.6","58.3"
"USW00094745","WESTCHESTER CO AIRPORT, NY US","2005-10","921","34","77","362","54.9","62.3","47.5"
"USW00094745","WESTCHESTER CO AIRPORT, NY US","2005-11","921","19","73","889","45.5","54.9","36.0"
"USW00094745","WESTCHESTER CO AIRPORT, NY US","2005-12","921","7","51","1932","31.4","38.0","24.7"
"USW00094789","JFK INTERNATIONAL AIRPORT, NY US","2003-01","0","7","51","3054","27.6","33.4","21.7"
"USW00094789","JFK INTERNATIONAL AIRPORT, NY US","2003-02","0","9","49","4057","29.2","34.8","23.6"
"USW00094789","JFK INTERNATIONAL AIRPORT, NY US","2003-03","0","13","69","4805","40.9","49.4","32.4"
"USW00094789","JFK INTERNATIONAL AIRPORT, NY US","2003-04","1","30","86","5321","47.9","55.4","40.3"
"USW00094789","JFK INTERNATIONAL AIRPORT, NY US","2003-05","3","42","77","5579","56.7","63.4","50.1"
"USW00094789","JFK INTERNATIONAL AIRPORT, NY US","2003-06","137","51","94","5632","67.7","74.7","60.7"
"USW00094789","JFK INTERNATIONAL AIRPORT, NY US","2003-07","464","64","93","0","75.5","82.9","68.2"
"USW00094789","JFK INTERNATIONAL AIRPORT, NY US","2003-08","816","62","93","0","76.4","82.8","69.9"
"USW00094789","JFK INTERNATIONAL AIRPORT, NY US","2003-09","948","52","81","11","69.0","75.5","62.6"
"USW00094789","JFK INTERNATIONAL AIRPORT, NY US","2003-10","950","34","78","315","55.3","63.1","47.4"
"USW00094789","JFK INTERNATIONAL AIRPORT, NY US","2003-11","950","29","75","790","49.2","55.9","42.5"
"USW00094789","JFK INTERNATIONAL AIRPORT, NY US","2003-12","950","21","57","1656","37.1","43.4","30.7"
"USW00094789","JFK INTERNATIONAL AIRPORT, NY US","2004-01","0","1","52","2908","24.6","30.9","18.3"
"USW00094789","JFK INTERNATIONAL AIRPORT, NY US","2004-02","0","14","61","3795","34.4","42.2","26.6"
"USW00094789","JFK INTERNATIONAL AIRPORT, NY US","2004-03","0","22","72","4494","42.4","49.2","35.7"
"USW00094789","JFK INTERNATIONAL AIRPORT, NY US","2004-04","0","31","76","4890","51.8","60.3","43.4"
"USW00094789","JFK INTERNATIONAL AIRPORT, NY US","2004-05","39","43","82","5000","62.7","70.5","54.9"
"USW00094789","JFK INTERNATIONAL AIRPORT, NY US","2004-06","205","54","91","5016","70.0","77.7","62.3"
"USW00094789","JFK INTERNATIONAL AIRPORT, NY US","2004-07","493","63","86","0","74.3","80.3","68.2"
"USW00094789","JFK INTERNATIONAL AIRPORT, NY US","2004-08","755","59","87","0","73.5","79.6","67.4"
"USW00094789","JFK INTERNATIONAL AIRPORT, NY US","2004-09","900","51","85","13","69.4","76.6","62.2"
"USW00094789","JFK INTERNATIONAL AIRPORT, NY US","2004-10","901","44","74","274","56.6","63.1","50.1"
"USW00094789","JFK INTERNATIONAL AIRPORT, NY US","2004-11","901","28","66","784","48.0","55.2","40.7"
"USW00094789","JFK INTERNATIONAL AIRPORT, NY US","2004-12","901","12","61","1636","37.5","44.4","30.6"
"USW00094789","JFK INTERNATIONAL AIRPORT, NY US","2005-01","0","6","61","2704","30.6","36.8","24.3"
"USW00094789","JFK INTERNATIONAL AIRPORT, NY US","2005-02","0","16","55","3538","35.2","42.3","28.1"
"USW00094789","JFK INTERNATIONAL AIRPORT, NY US","2005-03","0","16","59","4369","38.2","45.2","31.2"
"USW00094789","JFK INTERNATIONAL AIRPORT, NY US","2005-04","2","38","80","4743","52.6","61.1","44.0"
"USW00094789","JFK INTERNATIONAL AIRPORT, NY US","2005-05","10","42","79","4988","57.4","65.0","49.7"
"USW00094789","JFK INTERNATIONAL AIRPORT, NY US","2005-06","208","53","95","5005","71.0","78.9","63.1"
"USW00094789","JFK INTERNATIONAL AIRPORT, NY US","2005-07","548","61","92","1","75.9","82.9","69.0"
"USW00094789","JFK INTERNATIONAL AIRPORT, NY US","2005-08","962","64","96","1","78.3","85.9","70.8"
"USW00094789","JFK INTERNATIONAL AIRPORT, NY US","2005-09","1186","50","90","13","72.1","80.6","63.5"
"USW00094789","JFK INTERNATIONAL AIRPORT, NY US","2005-10","1204","38","76","262","57.6","63.8","51.4"
"USW00094789","JFK INTERNATIONAL AIRPORT, NY US","2005-11","1204","22","68","759","48.4","56.2","40.7"
"USW00094789","JFK INTERNATIONAL AIRPORT, NY US","2005-12","1204","15","55","1696","34.8","40.7","28.9"
"USC00307587","SEA CLIFF, NY US","2003-01","0","7","48","3081","26.7","32.1","21.3"
"USC00307587","SEA CLIFF, NY US","2003-02","0","8","48","4116","28.0","33.3","22.7"
"USC00307587","SEA CLIFF, NY US","2003-03","0","12","69","4814","39.7","49.3","30.1"
"USC00307587","SEA CLIFF, NY US","2003-04","0","29","85","5358","46.9","54.7","39.1"
"USC00307587","SEA CLIFF, NY US","2003-05","0","42","79","5628","56.3","64.2","48.4"
"USC00307587","SEA CLIFF, NY US","2003-06","89","50","90","5710","65.2","72.0","58.4"
"USC00307587","SEA CLIFF, NY US","2003-07","345","61","88","0","73.3","80.2","66.4"
"USC00307587","SEA CLIFF, NY US","2003-08","636","60","88","0","74.4","80.7","68.0"
"USC00307587","SEA CLIFF, NY US","2003-09","686","52","80","27","65.7","71.3","60.2"
"USC00307587","SEA CLIFF, NY US","2003-10","686","37","69","403","52.9","59.1","46.7"
"USC00307587","SEA CLIFF, NY US","2003-11","686","30","74","873","48.1","54.3","41.8"
"USC00307587","SEA CLIFF, NY US","2003-12","686","20","57","1720","36.7","42.5","30.8"
"USC00307587","SEA CLIFF, NY US","2004-01","0","1","55","2954","23.8","29.6","18.0"
"USC00307587","SEA CLIFF, NY US","2004-02","0","13","51","3869","31.4","38.3","24.4"
"USC00307587","SEA CLIFF, NY US","2004-03","0","22","69","4600","40.6","47.8","33.5"
"USC00307587","SEA CLIFF, NY US","2004-04","0","31","81","5032","50.6","59.3","42.0"
"USC00307587","SEA CLIFF, NY US","2004-05","48","41","87","5144","62.9","72.8","53.1"
"USC00307587","SEA CLIFF, NY US","2004-06","187","53","94","5175","68.6","77.6","59.6"
"USC00307587","SEA CLIFF, NY US","2004-07","418","61","88","1","72.4","80.3","64.5"
"USC00307587","SEA CLIFF, NY US","2004-08","681","57","93","2","73.5","82.0","64.9"
"USC00307587","SEA CLIFF, NY US","2004-09","826","51","91","19","69.2","78.2","60.3"
"USC00307587","SEA CLIFF, NY US","2004-10","830","44","81","299","56.1","62.7","49.5"
"USC00307587","SEA CLIFF, NY US","2004-11","830","31","65","826","47.4","53.4","41.5"
"USC00307587","SEA CLIFF, NY US","2004-12","830","14","58","1696","36.9","43.0","30.9"
"USC00307587","SEA CLIFF, NY US","2005-01","0","7","58","2775","30.2","36.2","24.1"
"USC00307587","SEA CLIFF, NY US","2005-02","0","18","57","3572","35.4","42.4","28.4"
"USC00307587","SEA CLIFF, NY US","2005-03","0","16","64","4344","38.6","46.1","31.1"
"USC00289187","WANAQUE RAYMOND DAM, NJ US","2003-01","0","4","48","3432","23.5","30.7","16.3"
"USC00289187","WANAQUE RAYMOND DAM, NJ US","2003-02","0","3","51","4565","24.6","34.0","15.2"
"USC00289187","WANAQUE RAYMOND DAM, NJ US","2003-03","0","-1","71","5400","38.0","50.4","25.7"
"USC00289187","WANAQUE RAYMOND DAM, NJ US","2003-04","0","26","80","5969","45.4","53.8","37.1"
"USC00289187","WANAQUE RAYMOND DAM, NJ US","2003-05","1","36","82","6222","56.9","65.8","47.9"
"USC00289187","WANAQUE RAYMOND DAM, NJ US","2003-06","117","47","94","6291","66.6","75.6","57.7"
"USC00289187","WANAQUE RAYMOND DAM, NJ US","2003-07","362","56","92","0","72.9","82.9","62.9"
"USC00289187","WANAQUE RAYMOND DAM, NJ US","2003-08",,,,,,,
"USC00289187","WANAQUE RAYMOND DAM, NJ US","2003-09",,"44","82",,"65.0","73.5","56.5"
"USC00289187","WANAQUE RAYMOND DAM, NJ US","2003-10",,,,,,,
"USC00289187","WANAQUE RAYMOND DAM, NJ US","2003-11",,"23","81",,"46.6","55.0","38.3"
"USC00289187","WANAQUE RAYMOND DAM, NJ US","2003-12",,"19","64",,"35.0","43.1","26.8"
"USC00289187","WANAQUE RAYMOND DAM, NJ US","2004-01",,,,,,,
"USC00289187","WANAQUE RAYMOND DAM, NJ US","2004-02",,"8","53",,"30.2","39.3","21.1"
"USC00289187","WANAQUE RAYMOND DAM, NJ US","2004-03",,"15","68",,"41.4","51.0","31.9"
"USC00289187","WANAQUE RAYMOND DAM, NJ US","2004-04",,"27","87",,"50.3","59.9","40.8"
"USC00289187","WANAQUE RAYMOND DAM, NJ US","2004-05",,"36","89",,"64.9","76.6","53.2"
"USC00289187","WANAQUE RAYMOND DAM, NJ US","2004-06",,"49","92",,"68.5","78.9","58.2"
"USC00289187","WANAQUE RAYMOND DAM, NJ US","2004-07",,,,,,,
"USC00289187","WANAQUE RAYMOND DAM, NJ US","2004-08",,,,,,,
"USC00289187","WANAQUE RAYMOND DAM, NJ US","2004-09",,,,,,,
"USC00289187","WANAQUE RAYMOND DAM, NJ US","2004-10",,,,,,,
"USC00289187","WANAQUE RAYMOND DAM, NJ US","2004-11",,,,,,,
"USC00289187","WANAQUE RAYMOND DAM, NJ US","2004-12",,,,,,,
"USC00289187","WANAQUE RAYMOND DAM, NJ US","2005-01",,,,,,,
"USC00289187","WANAQUE RAYMOND DAM, NJ US","2005-02",,,,,,,
"USC00289187","WANAQUE RAYMOND DAM, NJ US","2005-03",,,,,,,
"USC00289187","WANAQUE RAYMOND DAM, NJ US","2005-04",,,,,,,
"USC00289187","WANAQUE RAYMOND DAM, NJ US","2005-05",,,,,,,
"USC00289187","WANAQUE RAYMOND DAM, NJ US","2005-06",,,,,,,
"USC00289187","WANAQUE RAYMOND DAM, NJ US","2005-07",,,,,,,
"USC00289187","WANAQUE RAYMOND DAM, NJ US","2005-08",,,,,,,
"USC00289187","WANAQUE RAYMOND DAM, NJ US","2005-09",,,,,,,
"USC00289187","WANAQUE RAYMOND DAM, NJ US","2005-10",,,,,,,
"USC00289187","WANAQUE RAYMOND DAM, NJ US","2005-11",,,,,,,
"USC00289187","WANAQUE RAYMOND DAM, NJ US","2005-12",,,,,,,
"USC00305377","MINEOLA, NY US","2003-01","0","8","51","3022","28.5","34.2","22.7"
"USC00305377","MINEOLA, NY US","2003-02","0","12","52","3989","30.5","36.8","24.1"
"USC00305377","MINEOLA, NY US","2003-03","0","13","71","4584","42.3","52.0","32.5"
"USC00305377","MINEOLA, NY US","2003-04","3","29","86","5091","48.2","56.6","39.8"
"USC00305377","MINEOLA, NY US","2003-05","7","39","82","5335","57.2","65.4","49.0"
"USC00305377","MINEOLA, NY US","2003-06","133","47","96","5398","67.1","75.4","58.8"
"USC00305377","MINEOLA, NY US","2003-07","448","60","95","0","75.1","84.2","66.1"
"USC00305377","MINEOLA, NY US","2003-08","776","56","91","0","75.6","83.6","67.5"
"USC00305377","MINEOLA, NY US","2003-09","870","46","83","25","67.3","75.2","59.3"
"USC00305377","MINEOLA, NY US","2003-10","870","33","79","349","53.9","63.3","44.5"
"USC00305377","MINEOLA, NY US","2003-11","872","27","79","826","49.2","56.8","41.6"
"USC00305377","MINEOLA, NY US","2003-12","872","21","56","1651","38.4","45.2","31.5"
"USC00305377","MINEOLA, NY US","2004-01","0","6","51","2828","27.0","33.5","20.6"
"USC00305377","MINEOLA, NY US","2004-02","0","15","63","3626","35.6","44.3","26.9"
"USC00305377","MINEOLA, NY US","2004-03","0","21","73","4290","43.6","51.0","36.2"
"USC00305377","MINEOLA, NY US","2004-04","0","32","79","4664","52.5","61.9","43.2"
"USC00305377","MINEOLA, NY US","2004-05","65","42","88","4761","63.9","73.5","54.4"
"USC00305377","MINEOLA, NY US","2004-06","216","51","92","4779","69.4","78.9","59.9"
"USC00305377","MINEOLA, NY US","2004-07","468","60","87","0","73.1","80.6","65.6"
"USC00305377","MINEOLA, NY US","2004-08","712","55","88","0","72.8","81.1","64.6"
"USC00305377","MINEOLA, NY US","2004-09","834","48","88","22","68.4","77.3","59.5"
"USC00305377","MINEOLA, NY US","2004-10","835","40","77","295","56.2","64.6","47.8"
"USC00305377","MINEOLA, NY US","2004-11","835","28","67","792","48.4","56.9","39.9"
"USC00305377","MINEOLA, NY US","2004-12","835","13","61","1607","38.7","46.5","31.0"
"USC00305377","MINEOLA, NY US","2005-01","0","8","62","2602","32.9","40.2","25.6"
"USC00305377","MINEOLA, NY US","2005-02","0","17","59","3372","37.5","46.2","28.8"
"USC00305377","MINEOLA, NY US","2005-03","0","17","63","4156","39.7","48.3","31.1"
"USC00305377","MINEOLA, NY US","2005-04",,,"86",,,"64.8",
"USC00305377","MINEOLA, NY US","2005-05",,"39","80",,"57.6","67.8","47.4"
"USC00305377","MINEOLA, NY US","2005-06",,"54","97",,"72.7","82.6","62.8"
"USC00305377","MINEOLA, NY US","2005-07",,"60","96","1","76.9","85.8","68.0"
"USC00305377","MINEOLA, NY US","2005-08",,"61","99","1","78.8","87.9","69.6"
"USC00305377","MINEOLA, NY US","2005-09",,"48","95","13","72.5","83.3","61.7"
"USC00305377","MINEOLA, NY US","2005-10",,"39","83","229","58.6","65.9","51.3"
"USC00305377","MINEOLA, NY US","2005-11",,"23","75","713","48.9","58.2","39.5"
"USC00305377","MINEOLA, NY US","2005-12",,"17","56","1601","36.4","43.2","29.6"
"USW00054743","CALDWELL ESSEX CO AIRPORT, NJ US","2003-01","0","3","48",,"24.9","31.5","18.3"
"USW00054743","CALDWELL ESSEX CO AIRPORT, NJ US","2003-02","0","4","50",,"26.4","34.2","18.5"
"USW00054743","CALDWELL ESSEX CO AIRPORT, NJ US","2003-03","0","1","73",,"40.3","51.5","29.1"
"USW00054743","CALDWELL ESSEX CO AIRPORT, NJ US","2003-04","3","26","87",,"48.1","57.7","38.4"
"USW00054743","CALDWELL ESSEX CO AIRPORT, NJ US","2003-05","4","36","83",,"56.8","66.2","47.4"
"USW00054743","CALDWELL ESSEX CO AIRPORT, NJ US","2003-06","126","47","95",,"67.3","76.3","58.3"
"USW00054743","CALDWELL ESSEX CO AIRPORT, NJ US","2003-07","409","56","93","0","74.1","84.0","64.2"
"USW00054743","CALDWELL ESSEX CO AIRPORT, NJ US","2003-08","712","51","91","0","74.8","83.7","65.9"
"USW00054743","CALDWELL ESSEX CO AIRPORT, NJ US","2003-09","770","44","83","42","65.5","73.7","57.3"
"USW00054743","CALDWELL ESSEX CO AIRPORT, NJ US","2003-10","770","29","78","420","52.0","62.6","41.3"
"USW00054743","CALDWELL ESSEX CO AIRPORT, NJ US","2003-11","772","21","81","952","47.3","56.0","38.7"
"USW00054743","CALDWELL ESSEX CO AIRPORT, NJ US","2003-12","772","15","58","1887","33.9","41.7","26.0"
"USW00054743","CALDWELL ESSEX CO AIRPORT, NJ US","2004-01","0","-1","53","3217","22.1","29.0","15.2"
"USW00054743","CALDWELL ESSEX CO AIRPORT, NJ US","2004-02","0","9","59","4202","31.0","40.3","21.8"
"USW00054743","CALDWELL ESSEX CO AIRPORT, NJ US","2004-03","0","16","70","4931","41.5","50.1","32.8"
"USW00054743","CALDWELL ESSEX CO AIRPORT, NJ US","2004-04","2","27","88","5319","52.1","62.4","41.8"
"USW00054743","CALDWELL ESSEX CO AIRPORT, NJ US","2004-05","98","37","90","5423","64.8","75.7","53.8"
"USW00054743","CALDWELL ESSEX CO AIRPORT, NJ US","2004-06","240","49","93","5452","68.8","78.9","58.7"
"USW00054743","CALDWELL ESSEX CO AIRPORT, NJ US","2004-07","475","58","91","0","72.6","81.6","63.6"
"USW00054743","CALDWELL ESSEX CO AIRPORT, NJ US","2004-08","701","51","89","6","72.1","81.1","63.1"
"USW00054743","CALDWELL ESSEX CO AIRPORT, NJ US","2004-09","799","44","87","30","67.5","77.1","57.8"
"USW00054743","CALDWELL ESSEX CO AIRPORT, NJ US","2004-10","799","37","77","388","53.4","62.7","44.2"
"USW00054743","CALDWELL ESSEX CO AIRPORT, NJ US","2004-11","799","23","70","965","45.8","55.3","36.3"
"USW00054743","CALDWELL ESSEX CO AIRPORT, NJ US","2004-12","799","7","59","1924","34.1","42.2","25.9"
"USW00054743","CALDWELL ESSEX CO AIRPORT, NJ US","2005-01","0","-1","68","3079","27.7","35.3","20.2"
"USW00054743","CALDWELL ESSEX CO AIRPORT, NJ US","2005-02","0","7","57","3984","32.7","41.9","23.5"
"USW00054743","CALDWELL ESSEX CO AIRPORT, NJ US","2005-03","0","13","66","4888","35.8","44.9","26.8"
"USW00054743","CALDWELL ESSEX CO AIRPORT, NJ US","2005-04","5","31","86","5261","52.8","65.1","40.4"
"USW00054743","CALDWELL ESSEX CO AIRPORT, NJ US","2005-05","15","34","84","5496","57.7","69.0","46.5"
"USW00054743","CALDWELL ESSEX CO AIRPORT, NJ US","2005-06","292","51","95","5505","73.9","84.4","63.4"
"USW00054743","CALDWELL ESSEX CO AIRPORT, NJ US","2005-07","644","58","97","1","76.3","86.1","66.6"
"USW00054743","CALDWELL ESSEX CO AIRPORT, NJ US","2005-08","1014","55","100","1","77.3","87.4","67.2"
"USW00054743","CALDWELL ESSEX CO AIRPORT, NJ US","2005-09","1183","41","93","33","69.6","81.7","57.5"
"USW00054743","CALDWELL ESSEX CO AIRPORT, NJ US","2005-10","1199","34","80","344","55.5","63.6","47.4"
"USW00054743","CALDWELL ESSEX CO AIRPORT, NJ US","2005-11","1199","20","74","920","45.8","56.8","34.8"
"USW00054743","CALDWELL ESSEX CO AIRPORT, NJ US","2005-12","1199","5","54","1981","30.8","38.3","23.3"
"USW00054787","FARMINGDALE REPUBLIC AIRPORT, NY US","2003-01","0","5","42",,"25.4","31.0","19.7"
"USW00054787","FARMINGDALE REPUBLIC AIRPORT, NY US","2003-02","0","9","49",,"28.2","34.2","22.1"
"USW00054787","FARMINGDALE REPUBLIC AIRPORT, NY US","2003-03","0","9","69",,"39.6","48.6","30.6"
"USW00054787","FARMINGDALE REPUBLIC AIRPORT, NY US","2003-04","1","29","85",,"46.5","54.4","38.6"
"USW00054787","FARMINGDALE REPUBLIC AIRPORT, NY US","2003-05","2","38","77",,"55.6","62.8","48.5"
"USW00054787","FARMINGDALE REPUBLIC AIRPORT, NY US","2003-06","117","49","93",,"66.2","73.3","59.0"
"USW00054787","FARMINGDALE REPUBLIC AIRPORT, NY US","2003-07","371","62","92","0","74.1","81.5","66.7"
"USW00054787","FARMINGDALE REPUBLIC AIRPORT, NY US","2003-08","671","58","89","0","74.7","81.0","68.3"
"USW00054787","FARMINGDALE REPUBLIC AIRPORT, NY US","2003-09","766","48","81","22","67.4","74.2","60.6"
"USW00054787","FARMINGDALE REPUBLIC AIRPORT, NY US","2003-10","766","32","77","376","53.6","61.9","45.3"
"USW00054787","FARMINGDALE REPUBLIC AIRPORT, NY US","2003-11","766","26","74","874","48.4","55.7","41.0"
"USW00054787","FARMINGDALE REPUBLIC AIRPORT, NY US","2003-12",,,,,,,
"USW00054787","FARMINGDALE REPUBLIC AIRPORT, NY US","2004-01","0","1","51",,"23.8","30.0","17.6"
"USW00054787","FARMINGDALE REPUBLIC AIRPORT, NY US","2004-02","0","14","59",,"34.3","42.1","26.5"
"USW00054787","FARMINGDALE REPUBLIC AIRPORT, NY US","2004-03","0","20","71",,"41.4","48.3","34.6"
"USW00054787","FARMINGDALE REPUBLIC AIRPORT, NY US","2004-04","0","31","72",,"50.7","58.9","42.5"
"USW00054787","FARMINGDALE REPUBLIC AIRPORT, NY US","2004-05","36","39","84",,"61.7","70.0","53.4"
"USW00054787","FARMINGDALE REPUBLIC AIRPORT, NY US","2004-06","163","52","89",,"68.3","76.3","60.3"
"USW00054787","FARMINGDALE REPUBLIC AIRPORT, NY US","2004-07","418","62","86","0","73.2","79.7","66.8"
"USW00054787","FARMINGDALE REPUBLIC AIRPORT, NY US","2004-08","641","56","87","1","72.1","78.7","65.6"
"USW00054787","FARMINGDALE REPUBLIC AIRPORT, NY US","2004-09","744","50","83","27","67.5","75.1","60.0"
"USW00054787","FARMINGDALE REPUBLIC AIRPORT, NY US","2004-10","744","39","73","338","55.0","61.9","48.1"
"USW00054787","FARMINGDALE REPUBLIC AIRPORT, NY US","2004-11","744","26","65","905","46.1","54.1","38.1"
"USW00054787","FARMINGDALE REPUBLIC AIRPORT, NY US","2004-12","744","10","59","1799","36.2","43.6","28.7"
"USW00054787","FARMINGDALE REPUBLIC AIRPORT, NY US","2005-01","0","3","59","2897","29.6","36.1","23.0"
"USW00054787","FARMINGDALE REPUBLIC AIRPORT, NY US","2005-02","0","13","55","3766","34.0","41.4","26.5"
"USW00054787","FARMINGDALE REPUBLIC AIRPORT, NY US","2005-03","0","13","61","4633","37.0","44.9","29.2"
"USW00054787","FARMINGDALE REPUBLIC AIRPORT, NY US","2005-04","0","34","81","5039","51.5","60.6","42.3"
"USW00054787","FARMINGDALE REPUBLIC AIRPORT, NY US","2005-05","4","39","77","5317","56.2","64.1","48.2"
"USW00054787","FARMINGDALE REPUBLIC AIRPORT, NY US","2005-06","198","53","93","5333","70.9","78.9","63.0"
"USW00054787","FARMINGDALE REPUBLIC AIRPORT, NY US","2005-07","522","60","93","1","75.4","82.4","68.3"
"USW00054787","FARMINGDALE REPUBLIC AIRPORT, NY US","2005-08","914","63","94","1","77.6","85.0","70.3"
"USW00054787","FARMINGDALE REPUBLIC AIRPORT, NY US","2005-09","1114","49","92","17","71.4","80.3","62.4"
"USW00054787","FARMINGDALE REPUBLIC AIRPORT, NY US","2005-10","1143","37","81","279","57.5","64.1","50.8"
"USW00054787","FARMINGDALE REPUBLIC AIRPORT, NY US","2005-11","1143","22","69","799","47.7","56.5","38.9"
"USW00054787","FARMINGDALE REPUBLIC AIRPORT, NY US","2005-12","1143","15","55","1731","34.9","41.3","28.5"
"USC00305796","NEW YORK, NY US","2003-01","0","8","49",,"28.0","33.3","22.7"
"USC00305796","NEW YORK, NY US","2003-02","0","10","50",,"30.4","35.9","24.8"
"USC00305796","NEW YORK, NY US","2003-03","0","13","69",,"42.3","50.4","34.2"
"USC00305796","NEW YORK, NY US","2003-04","4","30","85",,"49.4","57.0","41.8"
"USC00305796","NEW YORK, NY US","2003-05","9","46","80",,"57.9","64.5","51.3"
"USC00305796","NEW YORK, NY US","2003-06","176","50","96",,"69.2","77.0","61.3"
"USC00305796","NEW YORK, NY US","2003-07","544","66","94","0","76.9","84.0","69.7"
"USC00305796","NEW YORK, NY US","2003-08","919","62","92","0","77.1","83.7","70.5"
"USC00305796","NEW YORK, NY US","2003-09","1059","51","82","13","69.2","75.1","63.3"
"USC00305796","NEW YORK, NY US","2003-10","1063","37","79","296","56.0","62.9","49.0"
"USC00305796","NEW YORK, NY US","2003-11","1066","32","77","740","50.3","56.3","44.3"
"USC00305796","NEW YORK, NY US","2003-12","1066","21","58","1582","37.8","43.7","32.0"
"USC00305796","NEW YORK, NY US","2004-01","0","2","55","2811","25.4","31.4","19.3"
"USC00305796","NEW YORK, NY US","2004-02","0","16","60","3660","35.7","42.7","28.8"
"USC00305796","NEW YORK, NY US","2004-03","0","25","70","4324","43.6","50.2","36.9"
"USC00305796","NEW YORK, NY US","2004-04","0","29","82","4690","52.8","61.2","44.4"
"USC00305796","NEW YORK, NY US","2004-05","68","43","84","4786","64.1","72.1","56.0"
"USC00305796","NEW YORK, NY US","2004-06","268","55","92","4799","71.2","78.7","63.7"
"USC00305796","NEW YORK, NY US","2004-07","570","64","89","0","74.7","80.9","68.6"
"USC00305796","NEW YORK, NY US","2004-09",,"53","86",,"70.4","77.2","63.5"
"USC00305796","NEW YORK, NY US","2004-11",,"30","69",,"48.6","54.9","42.2"
"USC00305796","NEW YORK, NY US","2004-12",,"11","59",,"38.0","43.8","32.1"
"USC00305796","NEW YORK, NY US","2005-01","0","7","64",,"31.4","37.2","25.6"
"USC00305796","NEW YORK, NY US","2005-02","0","17","55",,"36.2","42.0","30.3"
"USC00305796","NEW YORK, NY US","2005-03","0","16","59",,"39.1","45.8","32.4"
"USC00305796","NEW YORK, NY US","2005-04","7","38","85",,"53.9","62.1","45.8"
"USC00305796","NEW YORK, NY US","2005-05","20","42","78",,"58.5","65.9","51.1"
"USC00305796","NEW YORK, NY US","2005-06","262","54","94",,"72.7","80.4","65.0"
"USC00305796","NEW YORK, NY US","2005-07","658","62","94","0","77.8","84.3","71.3"
"USC00305796","NEW YORK, NY US","2005-08","1106","66","96","0","79.5","86.0","72.9"
"USC00305796","NEW YORK, NY US","2005-09","1366","52","90","6","73.5","81.0","66.0"
"USC00305796","NEW YORK, NY US","2005-10","1393","40","78","240","58.3","64.0","52.6"
"USC00305796","NEW YORK, NY US","2005-11","1393","23","68","671","49.9","57.0","42.7"
"USC00305796","NEW YORK, NY US","2005-12","1393","16","54","1597","35.1","40.0","30.2"
"USC00308946","WANTAGH CEDAR CREEK, NY US","2003-01","0","10","52","2676","29.6","34.3","24.9"
"USC00308946","WANTAGH CEDAR CREEK, NY US","2003-02","0","15","51","3618","31.4","36.2","26.5"
"USC00308946","WANTAGH CEDAR CREEK, NY US","2003-03","0","15","69","4337","41.8","49.0","34.6"
"USC00308946","WANTAGH CEDAR CREEK, NY US","2003-04","4","32","84","4815","49.2","55.6","42.8"
"USC00308946","WANTAGH CEDAR CREEK, NY US","2003-05","8","41","78","5034","58.1","64.1","52.1"
"USC00308946","WANTAGH CEDAR CREEK, NY US","2003-06","158","53","94","5065","69.0","74.9","63.0"
"USC00308946","WANTAGH CEDAR CREEK, NY US","2003-07","542","65","95","0","77.4","83.9","70.9"
"USC00308946","WANTAGH CEDAR CREEK, NY US","2003-08","924","59","92","0","77.3","82.5","72.1"
"USC00308946","WANTAGH CEDAR CREEK, NY US","2003-09","1050","53","80","10","68.9","73.8","63.9"
"USC00308946","WANTAGH CEDAR CREEK, NY US","2003-10","1053","36","77","311","55.4","61.6","49.1"
"USC00308946","WANTAGH CEDAR CREEK, NY US","2003-11","1053","31","70","755","50.2","55.2","45.2"
"USC00308946","WANTAGH CEDAR CREEK, NY US","2003-12","1053","24","55","1548","39.5","43.7","35.2"
"USC00308946","WANTAGH CEDAR CREEK, NY US","2004-01","0","9","50","2739","26.6","30.4","22.7"
"USC00308946","WANTAGH CEDAR CREEK, NY US","2004-02","0","14","56","3645","33.7","40.0","27.5"
"USC00308946","WANTAGH CEDAR CREEK, NY US","2004-03","0","23","68","4357","41.4","46.5","36.4"
"USC00308946","WANTAGH CEDAR CREEK, NY US","2004-04","0","34","67","4778","50.4","56.1","44.7"
"USC00308946","WANTAGH CEDAR CREEK, NY US","2004-05","10","46","76","4915","60.8","65.7","55.9"
"USC00308946","WANTAGH CEDAR CREEK, NY US","2004-06","122","53","82","4941","67.9","73.2","62.5"
"USC00308946","WANTAGH CEDAR CREEK, NY US","2004-07","356","61","84","0","72.6","77.6","67.5"
"USC00308946","WANTAGH CEDAR CREEK, NY US","2004-08","577","59","86","0","72.1","76.9","67.3"
"USC00308946","WANTAGH CEDAR CREEK, NY US","2004-09","681","52","81","22","67.7","73.8","61.7"
"USC00308946","WANTAGH CEDAR CREEK, NY US","2004-10","685","43","83","319","55.5","61.2","49.9"
"USC00308946","WANTAGH CEDAR CREEK, NY US","2004-11","685","30","62","883","46.2","51.9","40.5"
"USC00308946","WANTAGH CEDAR CREEK, NY US","2004-12","685","18","58","1750","37.0","42.1","31.9"
"USC00308946","WANTAGH CEDAR CREEK, NY US","2005-01","0","11","56","2811","30.8","35.1","26.5"
"USC00308946","WANTAGH CEDAR CREEK, NY US","2005-02","0","16","55","3681","33.9","40.0","27.9"
"USC00308946","WANTAGH CEDAR CREEK, NY US","2005-03","0","18","53","4564","36.5","42.0","31.0"
"USC00308946","WANTAGH CEDAR CREEK, NY US","2005-04","0","35","71","5021","49.8","55.5","44.0"
"USC00308946","WANTAGH CEDAR CREEK, NY US","2005-05","0","41","70","5357","54.2","59.1","49.2"
"USC00308946","WANTAGH CEDAR CREEK, NY US","2005-06","208","57","91","5368","71.6","76.1","67.0"
"USC00308946","WANTAGH CEDAR CREEK, NY US","2005-07","386","55","93","7","70.5","78.6","62.4"
"USC00308946","WANTAGH CEDAR CREEK, NY US","2005-08",,,,,,,
"USC00308946","WANTAGH CEDAR CREEK, NY US","2005-09",,"43","87",,"68.4","78.6","58.2"
"USC00308946","WANTAGH CEDAR CREEK, NY US","2005-10",,"28","79",,"54.8","62.1","47.4"
"USC00308946","WANTAGH CEDAR CREEK, NY US","2005-11",,"15","69",,"44.3","53.7","34.9"
"USC00308946","WANTAGH CEDAR CREEK, NY US","2005-12",,"8","52",,"33.1","39.7","26.5"
"USC00283704","HARRISON, NJ US","2003-01","0","6","51","2788","28.1","34.3","22.0"
"USC00283704","HARRISON, NJ US","2003-02","0","8","54","3667","31.0","37.5","24.5"
"USC00283704","HARRISON, NJ US","2003-03","0","13","73","4295","43.6","53.4","33.8"
"USC00283704","HARRISON, NJ US","2003-04","4","29","88","4730","50.1","58.7","41.5"
"USC00283704","HARRISON, NJ US","2003-05","11","41","81","4927","58.9","66.4","51.4"
"USC00283704","HARRISON, NJ US","2003-06","181","51","94","4953","69.8","77.0","62.5"
"USC00283704","HARRISON, NJ US","2003-07","545","65","92","0","77.5","85.1","70.0"
"USC00283704","HARRISON, NJ US","2003-08","949","61","92","0","78.0","85.1","71.0"
"USC00283704","HARRISON, NJ US","2003-09","1093","48","84","11","69.4","76.0","62.8"
"USC00283704","HARRISON, NJ US","2003-10","1094","34","78","343","54.3","62.4","46.2"
"USC00283704","HARRISON, NJ US","2003-11","1098","28","82","808","48.6","55.8","41.4"
"USC00283704","HARRISON, NJ US","2003-12","1098","19","59","1607","37.7","44.2","31.3"
"USC00283704","HARRISON, NJ US","2004-01","0","0","55","2678","25.4","32.2","18.7"
"USC00283704","HARRISON, NJ US","2004-02","0","13","60","3533","35.5","42.9","28.1"
"USC00283704","HARRISON, NJ US","2004-03","0","23","73","4111","44.9","52.5","37.3"
"USC00283704","HARRISON, NJ US","2004-04","14","30","88","4419","55.2","64.4","46.0"
"USC00283704","HARRISON, NJ US","2004-05","147","43","92","4470","67.9","77.7","58.0"
"USC00283704","HARRISON, NJ US","2004-06","393","56","94","4482","72.8","81.2","64.4"
"USC00283704","HARRISON, NJ US","2004-07","722","63","91","0","75.6","83.0","68.2"
"USC00283704","HARRISON, NJ US","2004-08","1059","57","94","0","75.8","83.2","68.5"
"USC00283704","HARRISON, NJ US","2004-09","1245","50","89","13","70.8","78.8","62.7"
"USC00283704","HARRISON, NJ US","2004-10","1248","42","81","277","56.6","63.9","49.2"
"USC00283704","HARRISON, NJ US","2004-11","1248","28","71","766","48.0","55.3","40.6"
"USC00283704","HARRISON, NJ US","2004-12","1248","8","59","1509","37.3","44.1","30.6"
"USC00283704","HARRISON, NJ US","2005-01",,"3","66",,"30.7","38.4","23.0"
"USC00283704","HARRISON, NJ US","2005-02",,"15","58",,"35.7","43.2","28.1"
"USC00283704","HARRISON, NJ US","2005-03",,"13","65",,"38.3","45.9","30.8"
"USC00283704","HARRISON, NJ US","2005-04",,"37","88",,"54.8","64.3","45.4"
"USC00283704","HARRISON, NJ US","2005-05",,"41","85",,"60.2","69.5","51.0"
"USC00283704","HARRISON, NJ US","2005-06",,"54","98",,"75.9","85.3","66.5"
"USC00283704","HARRISON, NJ US","2005-07",,"62","100","0","78.8","87.2","70.4"
"USC00283704","HARRISON, NJ US","2005-08",,"64","102","0","81.1","88.9","73.2"
"USC00283704","HARRISON, NJ US","2005-09",,"49","96","6","74.4","84.0","64.7"
"USC00283704","HARRISON, NJ US","2005-10",,"39","84","263","57.6","64.2","51.1"
"USC00283704","HARRISON, NJ US","2005-11",,"21","74","674","49.4","58.0","40.8"
"USC00283704","HARRISON, NJ US","2005-12",,"12","56","1554","34.0","39.6","28.4"
"USC00282023","CRANFORD, NJ US","2003-01","0","1","53","3018","26.7","35.3","18.2"
"USC00282023","CRANFORD, NJ US","2003-02","0","7","54","3930","29.7","39.5","19.9"
"USC00282023","CRANFORD, NJ US","2003-03","0","10","75","4606","42.6","55.8","29.4"
"USC00282023","CRANFORD, NJ US","2003-04","6","23","88","5086","48.7","59.6","37.8"
"USC00282023","CRANFORD, NJ US","2003-05","16","34","83","5313","58.0","68.2","47.8"
"USC00282023","CRANFORD, NJ US","2003-06","155","41","96","5363","68.0","78.3","57.6"
"USC00282023","CRANFORD, NJ US","2003-07","472","56","93","0","75.2","86.2","64.3"
"USC00282023","CRANFORD, NJ US","2003-08","822","53","93","0","76.3","86.3","66.3"
"USC00282023","CRANFORD, NJ US","2003-09","916","43","85","30","67.2","76.5","58.0"
"USC00282023","CRANFORD, NJ US","2003-10","918","27","80","386","53.1","65.0","41.1"
"USC00282023","CRANFORD, NJ US","2003-11","919","21","81","865","48.4","59.0","37.8"
"USC00282023","CRANFORD, NJ US","2003-12","919","14","60","1783","35.4","45.1","25.7"
"USC00282023","CRANFORD, NJ US","2004-01","0","-1","54","2965","25.6","34.1","17.1"
"USC00282023","CRANFORD, NJ US","2004-02","0","10","59","3836","33.7","44.3","23.0"
"USC00282023","CRANFORD, NJ US","2004-03","0","15","73","4499","43.6","54.6","32.6"
"USC00282023","CRANFORD, NJ US","2004-04","8","23","88","4835","52.6","64.6","40.7"
"USC00282023","CRANFORD, NJ US","2004-05","110","35","91","4919","65.6","77.7","53.4"
"USC00282023","CRANFORD, NJ US","2004-06","275","48","93","4935","70.1","81.2","58.9"
"USC00282023","CRANFORD, NJ US","2004-07","521","58","90","0","73.5","83.5","63.6"
"USC00282023","CRANFORD, NJ US","2004-08","780","51","94","1","73.4","83.8","63.0"
"USC00282023","CRANFORD, NJ US","2004-09","906","43","88","21","68.8","79.8","57.8"
"USC00282023","CRANFORD, NJ US","2004-10","906","35","79","366","53.9","64.5","43.2"
"USC00282023","CRANFORD, NJ US","2004-11","906","21","71","861","47.2","58.2","36.2"
"USC00282023","CRANFORD, NJ US","2004-12","906","7","61","1716","36.4","46.8","25.9"
"USC00282023","CRANFORD, NJ US","2005-01","0","-2","68","2729","30.9","40.1","21.8"
"USC00282023","CRANFORD, NJ US","2005-02","0","10","63","3573","34.8","45.6","24.1"
"USC00282023","CRANFORD, NJ US","2005-03","0","12","67","4413","37.2","47.5","26.9"
"USC00282023","CRANFORD, NJ US","2005-04","9","26","88","4758","53.4","67.6","39.2"
"USC00282023","CRANFORD, NJ US","2005-05","17","33","83","4997","57.6","70.3","44.8"
"USC00282023","CRANFORD, NJ US","2005-06","267","49","95","5008","72.9","84.1","61.8"
"USC00282023","CRANFORD, NJ US","2005-07","630","57","98","0","76.7","87.1","66.3"
"USC00282023","CRANFORD, NJ US","2005-08","1039","55","100","0","78.2","88.6","67.7"
"USC00282023","CRANFORD, NJ US","2005-09","1236","40","95","15","71.1","84.2","58.0"
"USC00282023","CRANFORD, NJ US","2005-10","1256","32","82","312","56.1","65.4","46.8"
"USC00282023","CRANFORD, NJ US","2005-11","1256","17","75","794","48.2","61.0","35.4"
"USC00282023","CRANFORD, NJ US","2005-12","1256","6","65","1729","32.9","42.8","22.9"
"USC00281592","CHATHAM 2 W, NJ US","2003-01","0","0","50","3408","24.2","31.9","16.4"
"USC00281592","CHATHAM 2 W, NJ US","2003-02","0","4","52","4509","25.7","34.7","16.7"
"USC00281592","CHATHAM 2 W, NJ US","2003-03","0","4","72","5290","38.9","51.4","26.4"
"USC00281592","CHATHAM 2 W, NJ US","2003-04","1","23","87","5792","47.7","58.1","37.3"
"USC00281592","CHATHAM 2 W, NJ US","2003-05","8","36","83","6037","57.1","67.0","47.3"
"USC00281592","CHATHAM 2 W, NJ US","2003-06","141","41","95","6099","67.1","76.6","57.6"
"USC00281592","CHATHAM 2 W, NJ US","2003-07","423","56","92","0","74.5","85.4","63.5"
"USC00281592","CHATHAM 2 W, NJ US","2003-08","735","53","91","0","75.4","85.1","65.6"
"USC00281592","CHATHAM 2 W, NJ US","2003-09","797","42","85","31","66.1","75.2","57.0"
"USC00281592","CHATHAM 2 W, NJ US","2003-10","797","25","79","480","50.5","62.1","38.9"
"USC00281592","CHATHAM 2 W, NJ US","2003-11","798","19","80","1045","46.2","55.9","36.5"
"USC00281592","CHATHAM 2 W, NJ US","2003-12","798","14","56","2045","32.8","42.0","23.5"
"USC00301309","CENTERPORT, NY US","2003-04",,"28","87",,"47.4","55.9","38.9"
"USC00301309","CENTERPORT, NY US","2003-05",,"41","81",,"56.9","65.2","48.5"
"USC00301309","CENTERPORT, NY US","2003-06",,"46","93",,"66.5","74.3","58.6"
"USC00301309","CENTERPORT, NY US","2003-07",,"61","91","0","74.0","81.8","66.3"
"USC00301309","CENTERPORT, NY US","2003-08",,"60","90","0","75.0","81.7","68.4"
"USC00301309","CENTERPORT, NY US","2003-09",,"51","81","30","66.3","72.2","60.4"
"USC00301309","CENTERPORT, NY US","2003-10",,"37","72","393","53.3","60.1","46.5"
"USC00301309","CENTERPORT, NY US","2003-11",,"28","78","902","48.1","54.6","41.6"
"USC00301309","CENTERPORT, NY US","2003-12",,"18","57","1793","36.2","42.5","30.0"
"USC00301309","CENTERPORT, NY US","2004-01","0","0","55","3061","22.8","29.0","16.6"
"USC00301309","CENTERPORT, NY US","2004-02","0","13","54","4003","32.5","39.8","25.2"
"USC00301309","CENTERPORT, NY US","2004-03","0","19","67","4756","40.7","47.8","33.6"
"USC00301309","CENTERPORT, NY US","2004-04","1","29","81","5174","51.1","60.6","41.6"
"USC00301309","CENTERPORT, NY US","2004-05","45","41","87","5294","62.5","72.0","53.1"
"USC00301309","CENTERPORT, NY US","2004-06","189","52","92","5314","69.2","78.2","60.2"
"USC00301309","CENTERPORT, NY US","2004-07","425","60","87","1","72.6","79.8","65.3"
"USC00301309","CENTERPORT, NY US","2004-08","636","55","87","3","72.0","79.1","64.9"
"USC00301309","CENTERPORT, NY US","2004-09","725","51","84","35","66.9","73.9","59.9"
"USC00301309","CENTERPORT, NY US","2004-10","725","43","73","363","54.4","59.9","49.0"
"USC00301309","CENTERPORT, NY US","2004-11","725","27","65","935","45.9","52.6","39.3"
"USC00301309","CENTERPORT, NY US","2004-12","725","9","59","1833","36.0","42.6","29.5"
"USC00301309","CENTERPORT, NY US","2005-01","0","4","57","2951","28.9","35.1","22.8"
"USC00301309","CENTERPORT, NY US","2005-02","0","15","56","3837","33.3","40.1","26.6"
"USC00301309","CENTERPORT, NY US","2005-03","0","14","61","4736","36.0","43.4","28.6"
"USC00301309","CENTERPORT, NY US","2005-04","6","35","86","5127","52.2","62.8","41.5"
"USC00301309","CENTERPORT, NY US","2005-05","7","38","79","5401","56.2","65.0","47.4"
"USC00301309","CENTERPORT, NY US","2005-06","218","52","91","5419","71.4","80.1","62.7"
"USC00301309","CENTERPORT, NY US","2005-07","504","59","93","2","74.5","82.2","66.8"
"USC00301309","CENTERPORT, NY US","2005-08","855","61","95","2","76.3","83.8","68.8"
"USC00301309","CENTERPORT, NY US","2005-09","1028","46","88","23","70.1","77.9","62.3"
"USC00301309","CENTERPORT, NY US","2005-10","1046","38","74","312","56.3","61.7","50.8"
"USC00301309","CENTERPORT, NY US","2005-11","1046","21","71","822","47.6","55.7","39.5"
"USC00301309","CENTERPORT, NY US","2005-12","1046","15","54","1790","33.8","39.3","28.2"
"USC00284987","LONG BRANCH OAKHURST, NJ US","2003-01","0","6","53",,"27.4","34.6","20.1"
"USC00284987","LONG BRANCH OAKHURST, NJ US","2003-02","0","6","51",,"28.8","36.6","21.1"
"USC00284987","LONG BRANCH OAKHURST, NJ US","2003-03","0","13","68",,"40.2","49.4","30.8"
"USC00284987","LONG BRANCH OAKHURST, NJ US","2003-04","2","26","88",,"46.8","54.7","38.8"
"USC00284987","LONG BRANCH OAKHURST, NJ US","2003-05","4","35","82",,"55.1","62.9","47.4"
"USC00284987","LONG BRANCH OAKHURST, NJ US","2003-06","119","48","94",,"66.3","73.6","59.1"
"USC00284987","LONG BRANCH OAKHURST, NJ US","2003-07","425","53","93","1","74.8","83.8","65.9"
"USC00284987","LONG BRANCH OAKHURST, NJ US","2003-08","732","55","93","1","74.9","82.7","67.1"
"USC00284987","LONG BRANCH OAKHURST, NJ US","2003-09","814","46","81","20","67.1","74.5","59.7"
"USC00284987","LONG BRANCH OAKHURST, NJ US","2003-10","814","32","73","378","53.4","63.3","43.6"
"USC00284987","LONG BRANCH OAKHURST, NJ US","2003-11","822","24","82","861","49.2","58.2","40.1"
"USC00284987","LONG BRANCH OAKHURST, NJ US","2003-12","822","19","59","1725","37.1","47.1","27.2"
"USC00284987","LONG BRANCH OAKHURST, NJ US","2004-01","0","1","56","2945","25.6","33.9","17.3"
"USC00284987","LONG BRANCH OAKHURST, NJ US","2004-02","0","13","59","3845","34.0","42.8","25.1"
"USC00284987","LONG BRANCH OAKHURST, NJ US","2004-03","0","18","72","4565","41.8","49.7","33.8"
"USC00284987","LONG BRANCH OAKHURST, NJ US","2004-04","1","30","88","5006","50.3","59.0","41.6"
"USC00284987","LONG BRANCH OAKHURST, NJ US","2004-05","49","41","89","5132","62.5","71.0","54.0"
"USC00284987","LONG BRANCH OAKHURST, NJ US","2004-06","204","51","92","5164","69.1","77.7","60.5"
"USC00284987","LONG BRANCH OAKHURST, NJ US","2004-07","425","60","90","2","72.1","79.2","64.9"
"USC00284987","LONG BRANCH OAKHURST, NJ US","2004-08","660","54","89","3","72.5","79.3","65.7"
"USC00284987","LONG BRANCH OAKHURST, NJ US","2004-09","782","52","85","19","68.6","76.7","60.5"
"USC00284987","LONG BRANCH OAKHURST, NJ US","2004-10","782","39","74","321","55.3","63.6","47.0"
"USC00284987","LONG BRANCH OAKHURST, NJ US","2004-11","782","26","76","833","47.9","57.2","38.6"
"USC00284987","LONG BRANCH OAKHURST, NJ US","2004-12","782","12","61","1686","37.5","46.8","28.2"
"USC00284987","LONG BRANCH OAKHURST, NJ US","2005-01","0","6","65","2692","32.5","40.0","25.1"
"USC00284987","LONG BRANCH OAKHURST, NJ US","2005-02","0","13","58","3533","35.0","43.5","26.4"
"USC00284987","LONG BRANCH OAKHURST, NJ US","2005-03","0","13","58","4426","36.2","44.3","28.1"
"USC00284987","LONG BRANCH OAKHURST, NJ US","2005-04","0","24","79","4996","46.0","55.7","36.3"
"USC00284987","LONG BRANCH OAKHURST, NJ US","2005-05",,,,,,,
"USC00284987","LONG BRANCH OAKHURST, NJ US","2005-07",,"62","93","0","75.7","83.3","68.1"
"USC00284987","LONG BRANCH OAKHURST, NJ US","2005-08",,"59","96","0","76.9","85.0","68.8"
"USC00284987","LONG BRANCH OAKHURST, NJ US","2005-09",,"45","91","7","70.8","81.0","60.5"
"USC00284987","LONG BRANCH OAKHURST, NJ US","2005-10",,"33","77","259","57.2","65.2","49.2"
"USC00284987","LONG BRANCH OAKHURST, NJ US","2005-11",,"21","72","737","49.1","59.2","38.9"
"USC00284987","LONG BRANCH OAKHURST, NJ US","2005-12",,"17","64","1647","35.7","44.4","26.9"
"USC00289832","WOODCLIFF LAKE, NJ US","2003-01",,,,,,,
"USC00289832","WOODCLIFF LAKE, NJ US","2003-02",,,,,,,
"USC00289832","WOODCLIFF LAKE, NJ US","2003-03",,,,,,,
"USC00289832","WOODCLIFF LAKE, NJ US","2003-04",,,,,,,
"USC00289832","WOODCLIFF LAKE, NJ US","2003-05",,,,,,,
"USC00289832","WOODCLIFF LAKE, NJ US","2003-06",,,,,,,
"USC00289832","WOODCLIFF LAKE, NJ US","2003-07",,,,,,,
"USC00289832","WOODCLIFF LAKE, NJ US","2003-08",,,,,,,
"USC00289832","WOODCLIFF LAKE, NJ US","2003-09",,,,,,,
"USC00289832","WOODCLIFF LAKE, NJ US","2003-10",,,,,,,
"USC00289832","WOODCLIFF LAKE, NJ US","2003-11",,,,,,,
"USC00289832","WOODCLIFF LAKE, NJ US","2003-12",,,,,,,
"USC00289832","WOODCLIFF LAKE, NJ US","2004-01",,,,,,,
"USC00289832","WOODCLIFF LAKE, NJ US","2004-02",,,,,,,
"USC00289832","WOODCLIFF LAKE, NJ US","2004-03",,,,,,,
"USC00289832","WOODCLIFF LAKE, NJ US","2004-04",,,,,,,
"USC00289832","WOODCLIFF LAKE, NJ US","2004-05",,,,,,,
"USC00289832","WOODCLIFF LAKE, NJ US","2004-06",,,,,,,
"USC00289832","WOODCLIFF LAKE, NJ US","2004-07",,,,,,,
"USC00289832","WOODCLIFF LAKE, NJ US","2004-08",,,,,,,
"USC00289832","WOODCLIFF LAKE, NJ US","2004-09",,,,,,,
"USC00289832","WOODCLIFF LAKE, NJ US","2004-10",,,,,,,
"USC00289832","WOODCLIFF LAKE, NJ US","2004-11",,,,,,,
"USC00289832","WOODCLIFF LAKE, NJ US","2004-12",,,,,,,
"USC00289832","WOODCLIFF LAKE, NJ US","2005-01",,,,,,,
"USC00289832","WOODCLIFF LAKE, NJ US","2005-02",,,,,,,
"USC00289832","WOODCLIFF LAKE, NJ US","2005-03",,,,,,,
"USC00289832","WOODCLIFF LAKE, NJ US","2005-04",,,,,,,
"USC00289832","WOODCLIFF LAKE, NJ US","2005-05",,,,,,,
"USC00289832","WOODCLIFF LAKE, NJ US","2005-06",,,,,,,
"USC00289832","WOODCLIFF LAKE, NJ US","2005-07",,,,,,,
"USC00289832","WOODCLIFF LAKE, NJ US","2005-08",,,,,,,
"USC00289832","WOODCLIFF LAKE, NJ US","2005-09",,,,,,,
"USC00289832","WOODCLIFF LAKE, NJ US","2005-10",,,,,,,
"USC00289832","WOODCLIFF LAKE, NJ US","2005-11",,,,,,,
"USC00289832","WOODCLIFF LAKE, NJ US","2005-12",,,,,,,
"USC00286146","NEW MILFORD, NJ US","2003-01",,,,,,,
"USC00286146","NEW MILFORD, NJ US","2003-02",,,,,,,
"USC00286146","NEW MILFORD, NJ US","2003-03",,,,,,,
"USC00286146","NEW MILFORD, NJ US","2003-04",,,,,,,
"USC00286146","NEW MILFORD, NJ US","2003-05",,,,,,,
"USC00286146","NEW MILFORD, NJ US","2003-06",,,,,,,
"USC00286146","NEW MILFORD, NJ US","2003-07",,,,,,,
"USC00286146","NEW MILFORD, NJ US","2003-08",,,,,,,
"USC00286146","NEW MILFORD, NJ US","2003-09",,,,,,,
"USC00286146","NEW MILFORD, NJ US","2003-10",,,,,,,
"USC00286146","NEW MILFORD, NJ US","2003-11",,,,,,,
"USC00286146","NEW MILFORD, NJ US","2003-12",,,,,,,
"USC00286146","NEW MILFORD, NJ US","2004-01",,,,,,,
"USC00286146","NEW MILFORD, NJ US","2004-02",,,,,,,
"USC00286146","NEW MILFORD, NJ US","2004-03",,,,,,,
"USC00286146","NEW MILFORD, NJ US","2004-04",,,,,,,
"USC00286146","NEW MILFORD, NJ US","2004-05",,,,,,,
"USC00286146","NEW MILFORD, NJ US","2004-06",,,,,,,
"USC00286146","NEW MILFORD, NJ US","2004-07",,,,,,,
"USC00286146","NEW MILFORD, NJ US","2004-08",,,,,,,
"USC00286146","NEW MILFORD, NJ US","2004-09",,,,,,,
"USC00286146","NEW MILFORD, NJ US","2004-10",,,,,,,
"USC00286146","NEW MILFORD, NJ US","2004-11",,,,,,,
"USC00286146","NEW MILFORD, NJ US","2004-12",,,,,,,
"USC00286146","NEW MILFORD, NJ US","2005-01",,,,,,,
"USC00286146","NEW MILFORD, NJ US","2005-02",,,,,,,
"USC00286146","NEW MILFORD, NJ US","2005-03",,,,,,,
"USC00286146","NEW MILFORD, NJ US","2005-04",,,,,,,
"USC00286146","NEW MILFORD, NJ US","2005-05",,,,,,,
"USC00286146","NEW MILFORD, NJ US","2005-06",,,,,,,
"USC00286146","NEW MILFORD, NJ US","2005-07",,,,,,,
"USC00286146","NEW MILFORD, NJ US","2005-08",,,,,,,
"USC00286146","NEW MILFORD, NJ US","2005-09",,,,,,,
"USC00286146","NEW MILFORD, NJ US","2005-10",,,,,,,
"USC00286146","NEW MILFORD, NJ US","2005-11",,,,,,,
"USC00286146","NEW MILFORD, NJ US","2005-12",,,,,,,
"USC00282644","ELIZABETH, NJ US","2003-01","0","5","52",,"25.8","32.4","19.1"
"USC00282644","ELIZABETH, NJ US","2003-02","0","8","51",,"27.9","35.1","20.7"
"USC00282644","ELIZABETH, NJ US","2003-04",,"27","87",,"47.5","55.9","39.2"
"USC00282644","ELIZABETH, NJ US","2003-05",,"40","80",,"57.8","65.9","49.8"
"USC00282644","ELIZABETH, NJ US","2003-06",,"46","94",,"67.7","75.8","59.5"
"USC00282644","ELIZABETH, NJ US","2003-07",,"61","93","0","75.7","84.3","67.1"
"USC00282644","ELIZABETH, NJ US","2003-09",,"45","82",,"67.3","74.8","59.8"
"USC00282644","ELIZABETH, NJ US","2003-10",,"31","76",,"53.2","62.7","43.7"
"USC00282644","ELIZABETH, NJ US","2003-11",,"26","80",,"48.3","56.3","40.2"
"USC00282644","ELIZABETH, NJ US","2003-12",,"19","69",,"36.2","43.9","28.5"
"USC00282644","ELIZABETH, NJ US","2004-02",,"12","57",,"33.1","41.0","25.1"
"USC00282644","ELIZABETH, NJ US","2004-03",,"20","71",,"43.0","50.8","35.2"
"USC00282644","ELIZABETH, NJ US","2004-09",,"46","90",,"68.9","77.2","60.5"
"USC00282644","ELIZABETH, NJ US","2004-11",,"27","73",,"46.9","54.8","39.0"
"USC00282644","ELIZABETH, NJ US","2005-04",,"34","86",,"53.6","63.7","43.5"
"USC00282644","ELIZABETH, NJ US","2005-05",,"36","84",,"58.1","67.7","48.5"
"USC00282644","ELIZABETH, NJ US","2005-06",,"54","96",,"74.3","83.7","64.9"
"USC00282644","ELIZABETH, NJ US","2005-07",,"60","100","2","78.2","86.8","69.6"
"USC00282644","ELIZABETH, NJ US","2005-08",,"61","101","2","79.3","88.6","70.0"
"USC00282644","ELIZABETH, NJ US","2005-12",,"12","62",,"33.2","40.4","26.1"
"USC00281335","CANOE BROOK, NJ US","2003-01","0","2","55","3222","25.1","33.6","16.6"
"USC00281335","CANOE BROOK, NJ US","2003-02","0","0","55","4190","26.3","36.4","16.2"
"USC00281335","CANOE BROOK, NJ US","2003-03","0","4","74","4977","39.6","52.1","27.1"
"USC00281335","CANOE BROOK, NJ US","2003-04","3","25","87","5499","47.7","58.5","36.9"
"USC00281335","CANOE BROOK, NJ US","2003-05","10","33","83","5736","57.6","68.1","47.1"
"USC00281335","CANOE BROOK, NJ US","2003-06","132","46","97","5802","67.0","76.5","57.5"
"USC00281335","CANOE BROOK, NJ US","2003-07","438","56","93","0","75.2","85.9","64.5"
"USC00281335","CANOE BROOK, NJ US","2003-08","764","52","93","0","75.9","86.4","65.4"
"USC00281335","CANOE BROOK, NJ US","2003-09","836","43","85","23","66.6","76.9","56.3"
"USC00281335","CANOE BROOK, NJ US","2003-10","837","28","81","428","52.0","64.1","39.9"
"USC00281335","CANOE BROOK, NJ US","2003-11","839","21","82","948","47.7","57.7","37.8"
"USC00281335","CANOE BROOK, NJ US","2003-12","839","15","61","1897","34.4","44.0","24.8"
"USC00281335","CANOE BROOK, NJ US","2004-01","0","-1","55","3115","24.1","33.2","15.1"
"USC00281335","CANOE BROOK, NJ US","2004-02","0","9","58","4067","31.0","41.4","20.6"
"USC00281335","CANOE BROOK, NJ US","2004-03","0","15","76","4770","42.3","52.9","31.7"
"USC00281335","CANOE BROOK, NJ US","2004-04","4","27","88","5164","51.9","62.7","41.0"
"USC00281335","CANOE BROOK, NJ US","2004-05","111","37","91","5245","65.8","78.6","53.0"
"USC00281335","CANOE BROOK, NJ US","2004-06","275","49","94","5267","69.7","80.4","59.0"
"USC00281335","CANOE BROOK, NJ US","2004-07","508","50","93","0","72.9","83.5","62.2"
"USC00281335","CANOE BROOK, NJ US","2004-08","772","50","94","2","73.5","84.0","62.9"
"USC00281335","CANOE BROOK, NJ US","2004-09","880","43","89","26","67.8","79.3","56.3"
"USC00281335","CANOE BROOK, NJ US","2004-10","880","32","80","376","53.1","64.5","41.7"
"USC00281335","CANOE BROOK, NJ US","2004-11","880","21","74","926","46.7","57.7","35.6"
"USC00281335","CANOE BROOK, NJ US","2004-12","880","8","62","1849","35.2","45.1","25.4"
"USC00281335","CANOE BROOK, NJ US","2005-01","0","-4","68","2973","28.7","37.2","20.3"
"USC00281335","CANOE BROOK, NJ US","2005-02","0","4","61","3775","34.0","45.4","22.6"
"USC00281335","CANOE BROOK, NJ US","2005-03","0","11","67","4628","36.5","46.3","26.7"
"USC00281335","CANOE BROOK, NJ US","2005-04","7","29","87","4985","52.8","65.8","39.9"
"USC00281335","CANOE BROOK, NJ US","2005-05","18","33","84","5229","57.4","69.5","45.2"
"USC00281335","CANOE BROOK, NJ US","2005-06","268","43","96","5236","73.1","85.2","61.0"
"USC00281335","CANOE BROOK, NJ US","2005-07","630","54","99","0","76.7","87.3","66.1"
"USC00281335","CANOE BROOK, NJ US","2005-08","1026","54","100","0","77.8","88.8","66.7"
"USC00281335","CANOE BROOK, NJ US","2005-09","1212","41","95","18","70.5","84.3","56.8"
"USC00281335","CANOE BROOK, NJ US","2005-10","1235","33","82","316","56.1","64.7","47.4"
"USC00281335","CANOE BROOK, NJ US","2005-11","1235","19","76","852","46.4","58.7","34.1"
"USC00281335","CANOE BROOK, NJ US","2005-12","1235","2","62","1888","31.6","41.3","21.9"
"USC00284887","LITTLE FALLS, NJ US","2003-01","0","2","50",,"26.0","34.3","17.6"
"USC00284887","LITTLE FALLS, NJ US","2003-02",,"4","50",,"26.2","36.0","16.4"
"USC00284887","LITTLE FALLS, NJ US","2003-03",,"6","72",,"38.8","51.2","26.5"
"USC00284887","LITTLE FALLS, NJ US","2003-04",,"27","88",,"47.3","58.5","36.2"
"USC00284887","LITTLE FALLS, NJ US","2003-05",,"39","79",,"57.4","68.1","46.7"
"USC00284887","LITTLE FALLS, NJ US","2003-06",,"48","96",,"67.3","76.1","58.5"
"USC00284887","LITTLE FALLS, NJ US","2003-07",,"58","92","0","75.5","85.2","65.8"
"USC00284887","LITTLE FALLS, NJ US","2003-08",,"51","90","0","73.9","82.6","65.2"
"USC00284887","LITTLE FALLS, NJ US","2003-09",,"51","86","19","66.2","74.6","57.8"
"USC00284887","LITTLE FALLS, NJ US","2003-10",,"30","76","427","51.7","61.9","41.5"
"USC00284887","LITTLE FALLS, NJ US","2003-11",,"23","80","918","47.5","56.9","38.0"
"USC00284887","LITTLE FALLS, NJ US","2003-12",,"17","58","1826","34.6","42.9","26.2"
"USC00284887","LITTLE FALLS, NJ US","2004-01","0","-2","56","3019","22.3","30.4","14.3"
"USC00284887","LITTLE FALLS, NJ US","2004-02","0","10","57","3930","31.2","40.1","22.3"
"USC00289317","WAYNE, NJ US","2003-01","0","4","48","3287","24.6","31.8","17.4"
"USC00289317","WAYNE, NJ US","2003-02","0","0","51","4362","25.5","34.4","16.7"
"USC00289317","WAYNE, NJ US","2003-03","0","2","71","5182","38.5","49.8","27.2"
"USC00289317","WAYNE, NJ US","2003-04","0","26","86","5728","46.8","56.2","37.4"
"USC00287079","PLAINFIELD, NJ US","2003-01","0","4","52","3136","27.1","34.2","20.0"
"USC00287079","PLAINFIELD, NJ US","2003-02","0","6","52","4145","29.0","36.6","21.4"
"USC00287079","PLAINFIELD, NJ US","2003-03","0","11","75","4823","43.1","54.7","31.5"
"USC00287079","PLAINFIELD, NJ US","2003-04","7","24","89","5258","50.8","61.9","39.6"
"USC00287079","PLAINFIELD, NJ US","2003-05","17","36","88","5455","58.9","68.4","49.5"
"USC00287079","PLAINFIELD, NJ US","2003-06","179","44","96","5495","69.1","79.3","58.8"
"USC00287079","PLAINFIELD, NJ US","2003-07","529","57","94","0","76.3","86.7","65.8"
"USC00287079","PLAINFIELD, NJ US","2003-08","889","54","93","0","76.6","85.8","67.5"
"USC00287079","PLAINFIELD, NJ US","2003-09","997","45","86","23","67.8","76.4","59.3"
"USC00287079","PLAINFIELD, NJ US","2003-10","998","28","78","351","53.6","64.2","42.9"
"USC00287079","PLAINFIELD, NJ US","2003-11","999","21","81","838","48.8","58.7","38.9"
"USC00287079","PLAINFIELD, NJ US","2003-12","999","16","61","1724","36.4","44.7","28.1"
"USC00287079","PLAINFIELD, NJ US","2004-01","0","0","53","2882","25.1","32.7","17.5"
"USC00287079","PLAINFIELD, NJ US","2004-02","0","11","62","3769","34.4","44.1","24.8"
"USC00287079","PLAINFIELD, NJ US","2004-03","0","16","72","4417","44.1","53.4","34.8"
"USC00287079","PLAINFIELD, NJ US","2004-04","9","29","88","4725","54.5","65.9","43.1"
"USC00287079","PLAINFIELD, NJ US","2004-05","137","37","92","4784","67.2","79.0","55.4"
"USC00287079","PLAINFIELD, NJ US","2004-06","322","51","94","4793","70.8","81.6","60.1"
"USC00287079","PLAINFIELD, NJ US","2004-07","618","57","92","0","74.6","84.3","64.8"
"USC00287079","PLAINFIELD, NJ US","2004-08","891","52","92","2","73.7","83.2","64.3"
"USC00287079","PLAINFIELD, NJ US","2004-09","1041","43","87","22","69.3","79.4","59.2"
"USC00287079","PLAINFIELD, NJ US","2004-10","1041","35","77","354","53.9","62.9","44.9"
"USC00287079","PLAINFIELD, NJ US","2004-11","1041","23","71","907","46.6","56.1","37.0"
"USC00287079","PLAINFIELD, NJ US","2004-12","1041","9","60","1715","37.1","45.7","28.4"
"USC00287079","PLAINFIELD, NJ US","2005-01","0","2","68","2718","30.2","37.7","22.7"
"USC00287079","PLAINFIELD, NJ US","2005-02","0","10","61","3559","35.0","44.1","25.8"
"USC00287079","PLAINFIELD, NJ US","2005-03","0","12","67","4379","37.7","47.9","27.5"
"USC00287079","PLAINFIELD, NJ US","2005-04","3","31","88","4687","54.8","68.3","41.3"
"USC00287079","PLAINFIELD, NJ US","2005-05","23","35","85","4900","58.8","70.7","46.8"
"USC00287079","PLAINFIELD, NJ US","2005-06","317","53","96","4910","74.5","85.6","63.3"
"USC00287079","PLAINFIELD, NJ US","2005-07","722","58","99","0","78.1","88.4","67.8"
"USC00287079","PLAINFIELD, NJ US","2005-08","1155","57","101","0","79.4","89.9","69.0"
"USC00287079","PLAINFIELD, NJ US","2005-09","1364","42","95","15","71.4","83.5","59.4"
"USC00287079","PLAINFIELD, NJ US","2005-10","1389","31","79","296","56.8","64.7","48.8"
"USC00287079","PLAINFIELD, NJ US","2005-11","1389","19","76","808","47.9","58.9","37.0"
"USC00287079","PLAINFIELD, NJ US","2005-12","1389","9","57","1801","33.0","40.4","25.5"
"USC00280907","BOONTON 1 SE, NJ US","2003-04",,,,,,,
"USC00280907","BOONTON 1 SE, NJ US","2003-05",,,,,,,
"USC00280907","BOONTON 1 SE, NJ US","2003-06",,,,,,,
"USC00280907","BOONTON 1 SE, NJ US","2003-07",,,,,,,
"USC00280907","BOONTON 1 SE, NJ US","2003-08",,,,,,,
"USC00280907","BOONTON 1 SE, NJ US","2003-09",,,,,,,
"USC00280907","BOONTON 1 SE, NJ US","2003-10",,,,,,,
"USC00280907","BOONTON 1 SE, NJ US","2003-11",,,,,,,
"USC00280907","BOONTON 1 SE, NJ US","2003-12",,"19","58",,"34.0","41.3","26.8"
"USC00280907","BOONTON 1 SE, NJ US","2004-06",,,,,,,
"USC00280907","BOONTON 1 SE, NJ US","2004-07",,,,,,,
"USC00280907","BOONTON 1 SE, NJ US","2004-08",,,,,,,
"USC00280907","BOONTON 1 SE, NJ US","2004-09",,,,,,,
"USC00280907","BOONTON 1 SE, NJ US","2004-10",,,,,,,
"USC00280907","BOONTON 1 SE, NJ US","2004-11",,,,,,,
"USC00280907","BOONTON 1 SE, NJ US","2005-06",,,,,,,
"USC00280907","BOONTON 1 SE, NJ US","2005-07",,,,,,,
"USC00280907","BOONTON 1 SE, NJ US","2005-08",,,,,,,
"USC00280907","BOONTON 1 SE, NJ US","2005-09",,,,,,,
"USC00280907","BOONTON 1 SE, NJ US","2005-10",,"34","81",,"55.4","64.4","46.4"
"USC00280907","BOONTON 1 SE, NJ US","2005-11",,"19","73",,"45.4","56.4","34.4"
"USC00280907","BOONTON 1 SE, NJ US","2005-12",,"5","61",,"30.9","39.3","22.5"
"USC00306138","OCEANSIDE, NY US","2003-01","0","8","53","2941","28.7","35.5","21.7"
"USC00306138","OCEANSIDE, NY US","2003-02","0","13","55","3917","30.1","38.0","22.4"
"USC00306138","OCEANSIDE, NY US","2003-03","0","14","73","4664","40.9","51.1","30.6"
"USC00306138","OCEANSIDE, NY US","2003-04","0","31","89","5170","48.2","57.1","39.2"
"USC00306138","OCEANSIDE, NY US","2003-05","4","40","80","5432","56.6","64.7","48.6"
"USC00306138","OCEANSIDE, NY US","2003-06","119","48","95","5497","66.7","74.3","59.0"
"USC00306138","OCEANSIDE, NY US","2003-07","437","63","93","0","75.2","83.4","67.0"
"USC00306138","OCEANSIDE, NY US","2003-08","778","61","95","0","76.0","83.5","68.5"
"USC00306138","OCEANSIDE, NY US","2003-09","897","49","84","9","68.7","76.0","61.3"
"USC00306138","OCEANSIDE, NY US","2003-10","900","35","79","330","54.8","63.9","45.6"
"USC00306138","OCEANSIDE, NY US","2003-11","902","27","77","803","49.3","57.3","41.4"
"USC00306138","OCEANSIDE, NY US","2003-12","902","21","56","1650","37.7","45.7","29.6"
"USC00306138","OCEANSIDE, NY US","2004-01","0","4","53","2853","26.2","33.2","19.1"
"USC00306138","OCEANSIDE, NY US","2004-02","0","14","58","3734","34.6","43.6","25.6"
"USC00306138","OCEANSIDE, NY US","2004-03","0","19","74","4425","42.7","51.0","34.5"
"USC00306138","OCEANSIDE, NY US","2004-05",,"41","84",,"61.9","70.1","53.6"
"USC00306138","OCEANSIDE, NY US","2004-06",,"52","89",,"68.9","77.7","60.1"
"USC00306138","OCEANSIDE, NY US","2004-07",,"62","88","0","73.5","81.2","65.7"
"USC00306138","OCEANSIDE, NY US","2004-08",,"57","89","1","73.2","80.1","66.2"
"USC00306138","OCEANSIDE, NY US","2004-09",,"52","87","17","69.2","77.8","60.7"
"USC00306138","OCEANSIDE, NY US","2004-10",,"42","75","296","56.0","63.8","48.2"
"USC00306138","OCEANSIDE, NY US","2004-11",,"27","75","806","48.0","56.5","39.5"
"USC00306138","OCEANSIDE, NY US","2004-12",,"11","60","1677","36.9","45.1","28.7"
"USC00306138","OCEANSIDE, NY US","2005-01","0","5","60","2723","31.3","38.7","23.8"
"USC00306138","OCEANSIDE, NY US","2005-02","0","14","58","3548","35.5","43.9","27.2"
"USC00306138","OCEANSIDE, NY US","2005-03","0","15","62","4370","38.5","46.9","30.0"
"USC00306138","OCEANSIDE, NY US","2005-04","3","35","83","4769","51.8","62.6","41.0"
"USC00306138","OCEANSIDE, NY US","2005-05","7","39","79","5049","56.1","64.9","47.3"
"USC00306138","OCEANSIDE, NY US","2005-06","176","53","93","5077","69.7","77.5","61.9"
"USC00306138","OCEANSIDE, NY US","2005-07","496","61","93","1","75.5","82.4","68.5"
"USC00306138","OCEANSIDE, NY US","2005-08","885","63","94","1","77.6","84.4","70.8"
"USC00306138","OCEANSIDE, NY US","2005-09","1090","49","89","10","71.5","80.9","62.1"
"USC00306138","OCEANSIDE, NY US","2005-10","1110","40","79","254","57.8","64.4","51.2"
"USC00306138","OCEANSIDE, NY US","2005-11","1110","23","71","745","48.6","57.1","40.1"
"USC00306138","OCEANSIDE, NY US","2005-12","1110","16","63","1644","36.0","43.1","28.9"
"USC00282768","ESSEX FELLS SERVICE BUILDING, NJ US","2003-01","0","1","51",,"24.3","31.9","16.7"
"USC00282768","ESSEX FELLS SERVICE BUILDING, NJ US","2003-02",,,,,,,
"USC00282768","ESSEX FELLS SERVICE BUILDING, NJ US","2003-03",,"5","72",,"39.8","50.9","28.7"
"USC00282768","ESSEX FELLS SERVICE BUILDING, NJ US","2003-04",,"25","87",,"46.9","56.6","37.1"
"USC00282768","ESSEX FELLS SERVICE BUILDING, NJ US","2003-05",,"38","81",,"57.6","67.6","47.7"
"USC00282768","ESSEX FELLS SERVICE BUILDING, NJ US","2003-06",,"46","93",,"66.6","75.3","57.9"
"USC00282768","ESSEX FELLS SERVICE BUILDING, NJ US","2003-07",,"55","92","0","73.9","84.3","63.6"
"USC00282768","ESSEX FELLS SERVICE BUILDING, NJ US","2003-08",,"56","104","0","76.4","86.9","66.0"
"USC00282768","ESSEX FELLS SERVICE BUILDING, NJ US","2003-10",,,,,,,
"USC00282768","ESSEX FELLS SERVICE BUILDING, NJ US","2003-11",,"22",,,,,"37.7"
"USC00282768","ESSEX FELLS SERVICE BUILDING, NJ US","2003-12",,"18","73",,"41.5","56.1","26.9"
"USC00282768","ESSEX FELLS SERVICE BUILDING, NJ US","2004-07",,,,,,,
"USC00282768","ESSEX FELLS SERVICE BUILDING, NJ US","2004-10",,,,,,,
"USC00282768","ESSEX FELLS SERVICE BUILDING, NJ US","2004-11",,"22","72",,"45.2","54.0","36.4"
"USC00282768","ESSEX FELLS SERVICE BUILDING, NJ US","2004-12",,"7","61",,"33.9","43.1","24.7"
"USC00282768","ESSEX FELLS SERVICE BUILDING, NJ US","2005-01","0","1","66",,"29.0","38.7","19.2"
"USC00282768","ESSEX FELLS SERVICE BUILDING, NJ US","2005-02","0","11","58",,"33.0","42.5","23.4"
"USC00282768","ESSEX FELLS SERVICE BUILDING, NJ US","2005-03","0","12","65",,"36.9","45.6","28.3"
"USC00282768","ESSEX FELLS SERVICE BUILDING, NJ US","2005-04","4","32","86",,"52.8","65.4","40.2"
"USC00282768","ESSEX FELLS SERVICE BUILDING, NJ US","2005-09",,"57","97",,"75.4","85.3","65.6"
